1;1474303309;Setup started.
1;1474303309;Opening database file: ../Python/files/data.db
1;1474303309;Database connection opened.
1;1474303309;Main loop started
1;1474303309;(NodeCommunication)NodeCommunication thread started
1;1474303309;(SocketCommunication)SocketCommunication thread started
0;1474303309;Got socket message: 
0;1474303309;PING
0;1474303309;Pong!
0;1474303309;Got socket message: 
0;1474303309;WSMESSAGE;GET_NODES
0;1474303309;WebsocketSocketHandler got message: WSMESSAGE;GET_NODES
0;1474303495;Got socket message: 
0;1474303495;WSMESSAGE;GRCS
0;1474303495;WebsocketSocketHandler got message: WSMESSAGE;GRCS
2;1474303495;(WebsocketSocketHandler) Got unknown message: WSMESSAGE;GRCS
2;1474303495;(WebsocketSocketHandler) Command: GRCS
0;1474303495;Got socket message: 
0;1474303495;WSMESSAGE;GRCS
0;1474303495;WebsocketSocketHandler got message: WSMESSAGE;GRCS
2;1474303495;(WebsocketSocketHandler) Got unknown message: WSMESSAGE;GRCS
2;1474303495;(WebsocketSocketHandler) Command: GRCS
0;1474303496;Got socket message: 
0;1474303496;WSMESSAGE;GRES
0;1474303496;WebsocketSocketHandler got message: WSMESSAGE;GRES
2;1474303496;(WebsocketSocketHandler) Got unknown message: WSMESSAGE;GRES
2;1474303496;(WebsocketSocketHandler) Command: GRES
0;1474303496;Got socket message: 
0;1474303496;WSMESSAGE;GRES
0;1474303496;WebsocketSocketHandler got message: WSMESSAGE;GRES
2;1474303496;(WebsocketSocketHandler) Got unknown message: WSMESSAGE;GRES
2;1474303496;(WebsocketSocketHandler) Command: GRES
0;1474303496;Got socket message: 
0;1474303496;WSMESSAGE;GETRULES
0;1474303496;WebsocketSocketHandler got message: WSMESSAGE;GETRULES
0;1474303496;Got socket message: 
0;1474303496;WSMESSAGE;GETRULES
0;1474303496;WebsocketSocketHandler got message: WSMESSAGE;GETRULES
0;1474303497;Got socket message: 
0;1474303497;WSMESSAGE;GET_NODES
0;1474303497;WebsocketSocketHandler got message: WSMESSAGE;GET_NODES
0;1474303497;Got socket message: 
0;1474303497;WSMESSAGE;GET_NODES
0;1474303497;WebsocketSocketHandler got message: WSMESSAGE;GET_NODES
0;1474303497;Got socket message: 
0;1474303497;WSMESSAGE;GET_ACTIONS
0;1474303497;WebsocketSocketHandler got message: WSMESSAGE;GET_ACTIONS
0;1474303497;Got socket message: 
0;1474303497;WSMESSAGE;GET_ACTIONS
0;1474303497;WebsocketSocketHandler got message: WSMESSAGE;GET_ACTIONS
0;1474303721;Got socket message: 
0;1474303721;WSMESSAGE;ADD_RULE;{"name":"Test Regel","icon":"pic/delete.png","color":16777215,"condition":{"type":1,"v1":{"type":0,"v1":1},"v2":{"type":0,"v1":1}},"effect":{"name":"effect_Test Regel","icon":"effect_pic/delete.png","color":16777215,"subActions":[{"type":2,"node":0,"actor":0,"value":"Es geht","timeout":0,"transition":false}]}}
0;1474303721;WebsocketSocketHandler got message: WSMESSAGE;ADD_RULE;{"name":"Test Regel","icon":"pic/delete.png","color":16777215,"condition":{"type":1,"v1":{"type":0,"v1":1},"v2":{"type":0,"v1":1}},"effect":{"name":"effect_Test Regel","icon":"effect_pic/delete.png","color":16777215,"subActions":[{"type":2,"node":0,"actor":0,"value":"Es geht","timeout":0,"transition":false}]}}
2;1474303721;(WebsocketSocketHandler) Got unknown message: WSMESSAGE;ADD_RULE;{"name":"Test Regel","icon":"pic/delete.png","color":16777215,"condition":{"type":1,"v1":{"type":0,"v1":1},"v2":{"type":0,"v1":1}},"effect":{"name":"effect_Test Regel","icon":"effect_pic/delete.png","color":16777215,"subActions":[{"type":2,"node":0,"actor":0,"value":"Es geht","timeout":0,"transition":false}]}}
2;1474303721;(WebsocketSocketHandler) Command: ADD_RULE
0;1474303721;Got socket message: 
0;1474303721;WSMESSAGE;ADD_RULE;{"name":"Test Regel","icon":"pic/delete.png","color":16777215,"condition":{"type":1,"v1":{"type":0,"v1":1},"v2":{"type":0,"v1":1}},"effect":{"name":"effect_Test Regel","icon":"effect_pic/delete.png","color":16777215,"subActions":[{"type":2,"node":0,"actor":0,"value":"Es geht","timeout":0,"transition":false}]}}
0;1474303721;WebsocketSocketHandler got message: WSMESSAGE;ADD_RULE;{"name":"Test Regel","icon":"pic/delete.png","color":16777215,"condition":{"type":1,"v1":{"type":0,"v1":1},"v2":{"type":0,"v1":1}},"effect":{"name":"effect_Test Regel","icon":"effect_pic/delete.png","color":16777215,"subActions":[{"type":2,"node":0,"actor":0,"value":"Es geht","timeout":0,"transition":false}]}}
2;1474303721;(WebsocketSocketHandler) Got unknown message: WSMESSAGE;ADD_RULE;{"name":"Test Regel","icon":"pic/delete.png","color":16777215,"condition":{"type":1,"v1":{"type":0,"v1":1},"v2":{"type":0,"v1":1}},"effect":{"name":"effect_Test Regel","icon":"effect_pic/delete.png","color":16777215,"subActions":[{"type":2,"node":0,"actor":0,"value":"Es geht","timeout":0,"transition":false}]}}
2;1474303721;(WebsocketSocketHandler) Command: ADD_RULE
0;1474303721;Got socket message: 
0;1474303721;WSMESSAGE;GRCS
0;1474303721;WebsocketSocketHandler got message: WSMESSAGE;GRCS
2;1474303721;(WebsocketSocketHandler) Got unknown message: WSMESSAGE;GRCS
2;1474303721;(WebsocketSocketHandler) Command: GRCS
0;1474303721;Got socket message: 
0;1474303721;WSMESSAGE;GRCS
0;1474303721;WebsocketSocketHandler got message: WSMESSAGE;GRCS
2;1474303721;(WebsocketSocketHandler) Got unknown message: WSMESSAGE;GRCS
2;1474303721;(WebsocketSocketHandler) Command: GRCS
0;1474303721;Got socket message: 
0;1474303721;WSMESSAGE;GRES
0;1474303721;WebsocketSocketHandler got message: WSMESSAGE;GRES
2;1474303721;(WebsocketSocketHandler) Got unknown message: WSMESSAGE;GRES
2;1474303721;(WebsocketSocketHandler) Command: GRES
0;1474303721;Got socket message: 
0;1474303721;WSMESSAGE;GRES
0;1474303721;WebsocketSocketHandler got message: WSMESSAGE;GRES
2;1474303721;(WebsocketSocketHandler) Got unknown message: WSMESSAGE;GRES
2;1474303721;(WebsocketSocketHandler) Command: GRES
0;1474303721;Got socket message: 
0;1474303721;WSMESSAGE;GETRULES
0;1474303721;WebsocketSocketHandler got message: WSMESSAGE;GETRULES
0;1474303721;Got socket message: 
0;1474303721;WSMESSAGE;GETRULES
0;1474303721;WebsocketSocketHandler got message: WSMESSAGE;GETRULES
0;1474305469;Got socket message: 
0;1474305469;SHUTDOWN
1;1474305469;Got shutdown message
1;1474305469;(NodeCommunication)NodeCommunication thread shutting down
