1;1474216580;Setup started.
1;1474216580;Opening database file: ../Python/files/data.db
1;1474216580;Database connection opened.
1;1474216580;Main loop started
1;1474216580;(NodeCommunication)NodeCommunication thread started
1;1474216580;(SocketCommunication)SocketCommunication thread started
0;1474216581;Got socket message: 
0;1474216581;PING
0;1474216581;Pong!
0;1474216581;Got socket message: 
0;1474216581;WSMESSAGE;GET_NODES
0;1474216581;WebsocketSocketHandler got message: WSMESSAGE;GET_NODES
0;1474216591;Got socket message: 
0;1474216591;WSMESSAGE;GRCS
0;1474216591;WebsocketSocketHandler got message: WSMESSAGE;GRCS
2;1474216591;(WebsocketSocketHandler) Got unknown message: WSMESSAGE;GRCS
2;1474216591;(WebsocketSocketHandler) Command: GRCS
0;1474216591;Got socket message: 
0;1474216591;WSMESSAGE;GRCS
0;1474216591;WebsocketSocketHandler got message: WSMESSAGE;GRCS
2;1474216591;(WebsocketSocketHandler) Got unknown message: WSMESSAGE;GRCS
2;1474216591;(WebsocketSocketHandler) Command: GRCS
0;1474216591;Got socket message: 
0;1474216591;WSMESSAGE;GRES
0;1474216591;WebsocketSocketHandler got message: WSMESSAGE;GRES
2;1474216591;(WebsocketSocketHandler) Got unknown message: WSMESSAGE;GRES
2;1474216591;(WebsocketSocketHandler) Command: GRES
0;1474216591;Got socket message: 
0;1474216591;WSMESSAGE;GRES
0;1474216591;WebsocketSocketHandler got message: WSMESSAGE;GRES
2;1474216591;(WebsocketSocketHandler) Got unknown message: WSMESSAGE;GRES
2;1474216591;(WebsocketSocketHandler) Command: GRES
0;1474216591;Got socket message: 
0;1474216591;WSMESSAGE;GETRULES
0;1474216591;WebsocketSocketHandler got message: WSMESSAGE;GETRULES
0;1474216591;Got socket message: 
0;1474216591;WSMESSAGE;GETRULES
0;1474216591;WebsocketSocketHandler got message: WSMESSAGE;GETRULES
0;1474216592;Got socket message: 
0;1474216592;WSMESSAGE;GET_NODES
0;1474216592;WebsocketSocketHandler got message: WSMESSAGE;GET_NODES
0;1474216592;Got socket message: 
0;1474216592;WSMESSAGE;GET_NODES
0;1474216592;WebsocketSocketHandler got message: WSMESSAGE;GET_NODES
0;1474216592;Got socket message: 
0;1474216592;WSMESSAGE;GET_ACTIONS
0;1474216592;WebsocketSocketHandler got message: WSMESSAGE;GET_ACTIONS
0;1474216592;Got socket message: 
0;1474216592;WSMESSAGE;GET_ACTIONS
0;1474216592;WebsocketSocketHandler got message: WSMESSAGE;GET_ACTIONS
0;1474216822;Got socket message: 
0;1474216822;WSMESSAGE;GRCS
0;1474216822;WebsocketSocketHandler got message: WSMESSAGE;GRCS
2;1474216822;(WebsocketSocketHandler) Got unknown message: WSMESSAGE;GRCS
2;1474216822;(WebsocketSocketHandler) Command: GRCS
0;1474216822;Got socket message: 
0;1474216822;WSMESSAGE;GRCS
0;1474216822;WebsocketSocketHandler got message: WSMESSAGE;GRCS
2;1474216822;(WebsocketSocketHandler) Got unknown message: WSMESSAGE;GRCS
2;1474216822;(WebsocketSocketHandler) Command: GRCS
0;1474216822;Got socket message: 
0;1474216822;WSMESSAGE;GRES
0;1474216822;WebsocketSocketHandler got message: WSMESSAGE;GRES
2;1474216822;(WebsocketSocketHandler) Got unknown message: WSMESSAGE;GRES
2;1474216822;(WebsocketSocketHandler) Command: GRES
0;1474216822;Got socket message: 
0;1474216822;WSMESSAGE;GRES
0;1474216822;WebsocketSocketHandler got message: WSMESSAGE;GRES
2;1474216822;(WebsocketSocketHandler) Got unknown message: WSMESSAGE;GRES
2;1474216822;(WebsocketSocketHandler) Command: GRES
0;1474216822;Got socket message: 
0;1474216822;WSMESSAGE;GETRULES
0;1474216822;WebsocketSocketHandler got message: WSMESSAGE;GETRULES
0;1474216822;Got socket message: 
0;1474216822;WSMESSAGE;GETRULES
0;1474216822;WebsocketSocketHandler got message: WSMESSAGE;GETRULES
0;1474216825;Got socket message: 
0;1474216825;WSMESSAGE;GET_NODES
0;1474216825;WebsocketSocketHandler got message: WSMESSAGE;GET_NODES
0;1474216825;Got socket message: 
0;1474216825;WSMESSAGE;GET_NODES
0;1474216825;WebsocketSocketHandler got message: WSMESSAGE;GET_NODES
0;1474216825;Got socket message: 
0;1474216825;WSMESSAGE;GET_ACTIONS
0;1474216825;WebsocketSocketHandler got message: WSMESSAGE;GET_ACTIONS
0;1474216825;Got socket message: 
0;1474216825;WSMESSAGE;GET_ACTIONS
0;1474216825;WebsocketSocketHandler got message: WSMESSAGE;GET_ACTIONS
0;1474216874;Got socket message: 
0;1474216874;WSMESSAGE;GET_NODE;1
0;1474216874;WebsocketSocketHandler got message: WSMESSAGE;GET_NODE;1
0;1474216874;Got socket message: 
0;1474216874;WSMESSAGE;GET_NODE;1
0;1474216874;WebsocketSocketHandler got message: WSMESSAGE;GET_NODE;1
0;1474216957;Got socket message: 
0;1474216957;WSMESSAGE;IP_request
0;1474216957;WebsocketSocketHandler got message: WSMESSAGE;IP_request
2;1474216957;(WebsocketSocketHandler) Got unknown message: WSMESSAGE;IP_request
2;1474216957;(WebsocketSocketHandler) Command: IP_request
0;1474216957;Got socket message: 
0;1474216957;WSMESSAGE;IP_request
0;1474216957;WebsocketSocketHandler got message: WSMESSAGE;IP_request
2;1474216957;(WebsocketSocketHandler) Got unknown message: WSMESSAGE;IP_request
2;1474216957;(WebsocketSocketHandler) Command: IP_request
0;1474216957;Got socket message: 
0;1474216957;WSMESSAGE;IP_request
0;1474216957;WebsocketSocketHandler got message: WSMESSAGE;IP_request
2;1474216957;(WebsocketSocketHandler) Got unknown message: WSMESSAGE;IP_request
2;1474216957;(WebsocketSocketHandler) Command: IP_request
0;1474216957;Got socket message: 
0;1474216957;WSMESSAGE;IP_request
0;1474216957;WebsocketSocketHandler got message: WSMESSAGE;IP_request
2;1474216957;(WebsocketSocketHandler) Got unknown message: WSMESSAGE;IP_request
2;1474216957;(WebsocketSocketHandler) Command: IP_request
0;1474216957;Got socket message: 
0;1474216957;WSMESSAGE;IP_request
0;1474216957;WebsocketSocketHandler got message: WSMESSAGE;IP_request
2;1474216957;(WebsocketSocketHandler) Got unknown message: WSMESSAGE;IP_request
2;1474216957;(WebsocketSocketHandler) Command: IP_request
0;1474216957;Got socket message: 
0;1474216957;WSMESSAGE;IP_request
0;1474216957;WebsocketSocketHandler got message: WSMESSAGE;IP_request
2;1474216957;(WebsocketSocketHandler) Got unknown message: WSMESSAGE;IP_request
2;1474216957;(WebsocketSocketHandler) Command: IP_request
0;1474216957;Got socket message: 
0;1474216957;WSMESSAGE;IP_request
0;1474216957;WebsocketSocketHandler got message: WSMESSAGE;IP_request
2;1474216957;(WebsocketSocketHandler) Got unknown message: WSMESSAGE;IP_request
2;1474216957;(WebsocketSocketHandler) Command: IP_request
0;1474216957;Got socket message: 
0;1474216957;WSMESSAGE;IP_request
0;1474216957;WebsocketSocketHandler got message: WSMESSAGE;IP_request
2;1474216957;(WebsocketSocketHandler) Got unknown message: WSMESSAGE;IP_request
2;1474216957;(WebsocketSocketHandler) Command: IP_request
0;1474216957;Got socket message: 
0;1474216957;WSMESSAGE;IP_request
0;1474216957;WebsocketSocketHandler got message: WSMESSAGE;IP_request
2;1474216957;(WebsocketSocketHandler) Got unknown message: WSMESSAGE;IP_request
2;1474216957;(WebsocketSocketHandler) Command: IP_request
0;1474216957;Got socket message: 
0;1474216957;WSMESSAGE;NW_request
0;1474216957;WebsocketSocketHandler got message: WSMESSAGE;NW_request
2;1474216957;(WebsocketSocketHandler) Got unknown message: WSMESSAGE;NW_request
2;1474216957;(WebsocketSocketHandler) Command: NW_request
0;1474216957;Got socket message: 
0;1474216957;WSMESSAGE;NW_request
0;1474216957;WebsocketSocketHandler got message: WSMESSAGE;NW_request
2;1474216957;(WebsocketSocketHandler) Got unknown message: WSMESSAGE;NW_request
2;1474216957;(WebsocketSocketHandler) Command: NW_request
0;1474216957;Got socket message: 
0;1474216957;WSMESSAGE;NW_request
0;1474216957;WebsocketSocketHandler got message: WSMESSAGE;NW_request
2;1474216957;(WebsocketSocketHandler) Got unknown message: WSMESSAGE;NW_request
2;1474216957;(WebsocketSocketHandler) Command: NW_request
0;1474216957;Got socket message: 
0;1474216957;WSMESSAGE;NW_request
0;1474216957;WebsocketSocketHandler got message: WSMESSAGE;NW_request
2;1474216957;(WebsocketSocketHandler) Got unknown message: WSMESSAGE;NW_request
2;1474216957;(WebsocketSocketHandler) Command: NW_request
0;1474216957;Got socket message: 
0;1474216957;WSMESSAGE;NW_request
0;1474216957;WebsocketSocketHandler got message: WSMESSAGE;NW_request
2;1474216957;(WebsocketSocketHandler) Got unknown message: WSMESSAGE;NW_request
2;1474216957;(WebsocketSocketHandler) Command: NW_request
0;1474216957;Got socket message: 
0;1474216957;WSMESSAGE;NW_request
0;1474216957;WebsocketSocketHandler got message: WSMESSAGE;NW_request
2;1474216957;(WebsocketSocketHandler) Got unknown message: WSMESSAGE;NW_request
2;1474216957;(WebsocketSocketHandler) Command: NW_request
0;1474216957;Got socket message: 
0;1474216957;WSMESSAGE;NW_request
0;1474216957;WebsocketSocketHandler got message: WSMESSAGE;NW_request
2;1474216957;(WebsocketSocketHandler) Got unknown message: WSMESSAGE;NW_request
2;1474216957;(WebsocketSocketHandler) Command: NW_request
0;1474216957;Got socket message: 
0;1474216957;WSMESSAGE;NW_request
0;1474216957;WebsocketSocketHandler got message: WSMESSAGE;NW_request
2;1474216957;(WebsocketSocketHandler) Got unknown message: WSMESSAGE;NW_request
2;1474216957;(WebsocketSocketHandler) Command: NW_request
0;1474216957;Got socket message: 
0;1474216957;WSMESSAGE;NW_request
0;1474216957;WebsocketSocketHandler got message: WSMESSAGE;NW_request
2;1474216957;(WebsocketSocketHandler) Got unknown message: WSMESSAGE;NW_request
2;1474216957;(WebsocketSocketHandler) Command: NW_request
0;1474217207;Got socket message: 
0;1474217207;WSMESSAGE;GRCS
0;1474217207;WebsocketSocketHandler got message: WSMESSAGE;GRCS
2;1474217207;(WebsocketSocketHandler) Got unknown message: WSMESSAGE;GRCS
2;1474217207;(WebsocketSocketHandler) Command: GRCS
0;1474217207;Got socket message: 
0;1474217207;WSMESSAGE;GRCS
0;1474217207;WebsocketSocketHandler got message: WSMESSAGE;GRCS
2;1474217207;(WebsocketSocketHandler) Got unknown message: WSMESSAGE;GRCS
2;1474217207;(WebsocketSocketHandler) Command: GRCS
0;1474217207;Got socket message: 
0;1474217207;WSMESSAGE;GRES
0;1474217207;WebsocketSocketHandler got message: WSMESSAGE;GRES
2;1474217207;(WebsocketSocketHandler) Got unknown message: WSMESSAGE;GRES
2;1474217207;(WebsocketSocketHandler) Command: GRES
0;1474217207;Got socket message: 
0;1474217207;WSMESSAGE;GRES
0;1474217207;WebsocketSocketHandler got message: WSMESSAGE;GRES
2;1474217207;(WebsocketSocketHandler) Got unknown message: WSMESSAGE;GRES
2;1474217207;(WebsocketSocketHandler) Command: GRES
0;1474217207;Got socket message: 
0;1474217207;WSMESSAGE;GETRULES
0;1474217207;WebsocketSocketHandler got message: WSMESSAGE;GETRULES
0;1474217207;Got socket message: 
0;1474217207;WSMESSAGE;GETRULES
0;1474217207;WebsocketSocketHandler got message: WSMESSAGE;GETRULES
0;1474217210;Got socket message: 
0;1474217210;WSMESSAGE;GET_NODES
0;1474217210;WebsocketSocketHandler got message: WSMESSAGE;GET_NODES
0;1474217210;Got socket message: 
0;1474217210;WSMESSAGE;GET_NODES
0;1474217210;WebsocketSocketHandler got message: WSMESSAGE;GET_NODES
0;1474217210;Got socket message: 
0;1474217210;WSMESSAGE;GET_ACTIONS
0;1474217210;WebsocketSocketHandler got message: WSMESSAGE;GET_ACTIONS
0;1474217210;Got socket message: 
0;1474217210;WSMESSAGE;GET_ACTIONS
0;1474217210;WebsocketSocketHandler got message: WSMESSAGE;GET_ACTIONS
0;1474217217;Got socket message: 
0;1474217217;WSMESSAGE;GRCS
0;1474217217;WebsocketSocketHandler got message: WSMESSAGE;GRCS
2;1474217217;(WebsocketSocketHandler) Got unknown message: WSMESSAGE;GRCS
2;1474217217;(WebsocketSocketHandler) Command: GRCS
0;1474217217;Got socket message: 
0;1474217217;WSMESSAGE;GRCS
0;1474217217;WebsocketSocketHandler got message: WSMESSAGE;GRCS
2;1474217217;(WebsocketSocketHandler) Got unknown message: WSMESSAGE;GRCS
2;1474217217;(WebsocketSocketHandler) Command: GRCS
0;1474217217;Got socket message: 
0;1474217217;WSMESSAGE;GRES
0;1474217217;WebsocketSocketHandler got message: WSMESSAGE;GRES
2;1474217217;(WebsocketSocketHandler) Got unknown message: WSMESSAGE;GRES
2;1474217217;(WebsocketSocketHandler) Command: GRES
0;1474217217;Got socket message: 
0;1474217217;WSMESSAGE;GRES
0;1474217217;WebsocketSocketHandler got message: WSMESSAGE;GRES
2;1474217217;(WebsocketSocketHandler) Got unknown message: WSMESSAGE;GRES
2;1474217217;(WebsocketSocketHandler) Command: GRES
0;1474217217;Got socket message: 
0;1474217217;WSMESSAGE;GETRULES
0;1474217217;WebsocketSocketHandler got message: WSMESSAGE;GETRULES
0;1474217217;Got socket message: 
0;1474217217;WSMESSAGE;GETRULES
0;1474217217;WebsocketSocketHandler got message: WSMESSAGE;GETRULES
0;1474217220;Got socket message: 
0;1474217220;WSMESSAGE;GET_NODES
0;1474217220;WebsocketSocketHandler got message: WSMESSAGE;GET_NODES
0;1474217220;Got socket message: 
0;1474217220;WSMESSAGE;GET_NODES
0;1474217220;WebsocketSocketHandler got message: WSMESSAGE;GET_NODES
0;1474217220;Got socket message: 
0;1474217220;WSMESSAGE;GET_ACTIONS
0;1474217220;WebsocketSocketHandler got message: WSMESSAGE;GET_ACTIONS
0;1474217220;Got socket message: 
0;1474217220;WSMESSAGE;GET_ACTIONS
0;1474217220;WebsocketSocketHandler got message: WSMESSAGE;GET_ACTIONS
0;1474217450;Got socket message: 
0;1474217450;WSMESSAGE;GET_NODES
0;1474217450;WebsocketSocketHandler got message: WSMESSAGE;GET_NODES
0;1474217450;Got socket message: 
0;1474217450;WSMESSAGE;GET_NODES
0;1474217450;WebsocketSocketHandler got message: WSMESSAGE;GET_NODES
0;1474217450;Got socket message: 
0;1474217450;WSMESSAGE;GET_ACTIONS
0;1474217450;WebsocketSocketHandler got message: WSMESSAGE;GET_ACTIONS
0;1474217450;Got socket message: 
0;1474217450;WSMESSAGE;GET_ACTIONS
0;1474217450;WebsocketSocketHandler got message: WSMESSAGE;GET_ACTIONS
0;1474217492;Got socket message: 
0;1474217492;WSMESSAGE;GET_NODES
0;1474217492;WebsocketSocketHandler got message: WSMESSAGE;GET_NODES
0;1474217492;Got socket message: 
0;1474217492;WSMESSAGE;GET_NODES
0;1474217492;WebsocketSocketHandler got message: WSMESSAGE;GET_NODES
0;1474217492;Got socket message: 
0;1474217492;WSMESSAGE;GET_ACTIONS
0;1474217492;WebsocketSocketHandler got message: WSMESSAGE;GET_ACTIONS
0;1474217492;Got socket message: 
0;1474217492;WSMESSAGE;GET_ACTIONS
0;1474217492;WebsocketSocketHandler got message: WSMESSAGE;GET_ACTIONS
0;1474217513;Got socket message: 
0;1474217513;WSMESSAGE;GET_NODES
0;1474217513;WebsocketSocketHandler got message: WSMESSAGE;GET_NODES
0;1474217513;Got socket message: 
0;1474217513;WSMESSAGE;GET_NODES
0;1474217513;WebsocketSocketHandler got message: WSMESSAGE;GET_NODES
0;1474217513;Got socket message: 
0;1474217513;WSMESSAGE;GET_ACTIONS
0;1474217513;WebsocketSocketHandler got message: WSMESSAGE;GET_ACTIONS
0;1474217513;Got socket message: 
0;1474217513;WSMESSAGE;GET_ACTIONS
0;1474217513;WebsocketSocketHandler got message: WSMESSAGE;GET_ACTIONS
0;1474217526;Got socket message: 
0;1474217526;WSMESSAGE;GET_NODES
0;1474217526;WebsocketSocketHandler got message: WSMESSAGE;GET_NODES
0;1474217526;Got socket message: 
0;1474217526;WSMESSAGE;GET_NODES
0;1474217526;WebsocketSocketHandler got message: WSMESSAGE;GET_NODES
0;1474217527;Got socket message: 
0;1474217527;WSMESSAGE;GET_ACTIONS
0;1474217527;WebsocketSocketHandler got message: WSMESSAGE;GET_ACTIONS
0;1474217527;Got socket message: 
0;1474217527;WSMESSAGE;GET_ACTIONS
0;1474217527;WebsocketSocketHandler got message: WSMESSAGE;GET_ACTIONS
0;1474217539;Got socket message: 
0;1474217539;WSMESSAGE;GET_NODES
0;1474217539;WebsocketSocketHandler got message: WSMESSAGE;GET_NODES
0;1474217539;Got socket message: 
0;1474217539;WSMESSAGE;GET_NODES
0;1474217539;WebsocketSocketHandler got message: WSMESSAGE;GET_NODES
0;1474217539;Got socket message: 
0;1474217539;WSMESSAGE;GET_ACTIONS
0;1474217539;WebsocketSocketHandler got message: WSMESSAGE;GET_ACTIONS
0;1474217539;Got socket message: 
0;1474217539;WSMESSAGE;GET_ACTIONS
0;1474217539;WebsocketSocketHandler got message: WSMESSAGE;GET_ACTIONS
0;1474217558;Got socket message: 
0;1474217558;WSMESSAGE;GET_NODES
0;1474217558;WebsocketSocketHandler got message: WSMESSAGE;GET_NODES
0;1474217558;Got socket message: 
0;1474217558;WSMESSAGE;GET_NODES
0;1474217558;WebsocketSocketHandler got message: WSMESSAGE;GET_NODES
0;1474217558;Got socket message: 
0;1474217558;WSMESSAGE;GET_ACTIONS
0;1474217558;WebsocketSocketHandler got message: WSMESSAGE;GET_ACTIONS
0;1474217558;Got socket message: 
0;1474217558;WSMESSAGE;GET_ACTIONS
0;1474217558;WebsocketSocketHandler got message: WSMESSAGE;GET_ACTIONS
0;1474217634;Got socket message: 
0;1474217634;WSMESSAGE;GET_NODES
0;1474217634;WebsocketSocketHandler got message: WSMESSAGE;GET_NODES
0;1474217634;Got socket message: 
0;1474217634;WSMESSAGE;GET_NODES
0;1474217634;WebsocketSocketHandler got message: WSMESSAGE;GET_NODES
0;1474217634;Got socket message: 
0;1474217634;WSMESSAGE;GET_ACTIONS
0;1474217634;WebsocketSocketHandler got message: WSMESSAGE;GET_ACTIONS
0;1474217634;Got socket message: 
0;1474217634;WSMESSAGE;GET_ACTIONS
0;1474217634;WebsocketSocketHandler got message: WSMESSAGE;GET_ACTIONS
0;1474217675;Got socket message: 
0;1474217675;WSMESSAGE;GET_NODES
0;1474217675;WebsocketSocketHandler got message: WSMESSAGE;GET_NODES
0;1474217675;Got socket message: 
0;1474217675;WSMESSAGE;GET_NODES
0;1474217675;WebsocketSocketHandler got message: WSMESSAGE;GET_NODES
0;1474217675;Got socket message: 
0;1474217675;WSMESSAGE;GET_ACTIONS
0;1474217675;WebsocketSocketHandler got message: WSMESSAGE;GET_ACTIONS
0;1474217675;Got socket message: 
0;1474217675;WSMESSAGE;GET_ACTIONS
0;1474217675;WebsocketSocketHandler got message: WSMESSAGE;GET_ACTIONS
0;1474217734;Got socket message: 
0;1474217734;WSMESSAGE;GET_NODES
0;1474217734;WebsocketSocketHandler got message: WSMESSAGE;GET_NODES
0;1474217734;Got socket message: 
0;1474217734;WSMESSAGE;GET_NODES
0;1474217734;WebsocketSocketHandler got message: WSMESSAGE;GET_NODES
0;1474217734;Got socket message: 
0;1474217734;WSMESSAGE;GET_ACTIONS
0;1474217734;WebsocketSocketHandler got message: WSMESSAGE;GET_ACTIONS
0;1474217735;Got socket message: 
0;1474217735;WSMESSAGE;GET_ACTIONS
0;1474217735;WebsocketSocketHandler got message: WSMESSAGE;GET_ACTIONS
0;1474217874;Got socket message: 
0;1474217874;WSMESSAGE;GET_NODES
0;1474217874;WebsocketSocketHandler got message: WSMESSAGE;GET_NODES
0;1474217874;Got socket message: 
0;1474217874;WSMESSAGE;GET_NODES
0;1474217874;WebsocketSocketHandler got message: WSMESSAGE;GET_NODES
0;1474217874;Got socket message: 
0;1474217874;WSMESSAGE;GET_ACTIONS
0;1474217874;WebsocketSocketHandler got message: WSMESSAGE;GET_ACTIONS
0;1474217874;Got socket message: 
0;1474217874;WSMESSAGE;GET_ACTIONS
0;1474217874;WebsocketSocketHandler got message: WSMESSAGE;GET_ACTIONS
0;1474217950;Got socket message: 
0;1474217950;WSMESSAGE;GET_NODES
0;1474217950;WebsocketSocketHandler got message: WSMESSAGE;GET_NODES
0;1474217950;Got socket message: 
0;1474217950;WSMESSAGE;GET_NODES
0;1474217950;WebsocketSocketHandler got message: WSMESSAGE;GET_NODES
0;1474217950;Got socket message: 
0;1474217950;WSMESSAGE;GET_ACTIONS
0;1474217950;WebsocketSocketHandler got message: WSMESSAGE;GET_ACTIONS
0;1474217950;Got socket message: 
0;1474217950;WSMESSAGE;GET_ACTIONS
0;1474217950;WebsocketSocketHandler got message: WSMESSAGE;GET_ACTIONS
0;1474217967;Got socket message: 
0;1474217967;WSMESSAGE;GET_NODES
0;1474217967;WebsocketSocketHandler got message: WSMESSAGE;GET_NODES
0;1474217967;Got socket message: 
0;1474217967;WSMESSAGE;GET_NODES
0;1474217967;WebsocketSocketHandler got message: WSMESSAGE;GET_NODES
0;1474217967;Got socket message: 
0;1474217967;WSMESSAGE;GET_ACTIONS
0;1474217967;WebsocketSocketHandler got message: WSMESSAGE;GET_ACTIONS
0;1474217967;Got socket message: 
0;1474217967;WSMESSAGE;GET_ACTIONS
0;1474217967;WebsocketSocketHandler got message: WSMESSAGE;GET_ACTIONS
0;1474217987;Got socket message: 
0;1474217987;WSMESSAGE;GET_NODES
0;1474217987;WebsocketSocketHandler got message: WSMESSAGE;GET_NODES
0;1474217987;Got socket message: 
0;1474217987;WSMESSAGE;GET_NODES
0;1474217987;WebsocketSocketHandler got message: WSMESSAGE;GET_NODES
0;1474217987;Got socket message: 
0;1474217987;WSMESSAGE;GET_ACTIONS
0;1474217987;WebsocketSocketHandler got message: WSMESSAGE;GET_ACTIONS
0;1474217987;Got socket message: 
0;1474217987;WSMESSAGE;GET_ACTIONS
0;1474217987;WebsocketSocketHandler got message: WSMESSAGE;GET_ACTIONS
0;1474218017;Got socket message: 
0;1474218017;WSMESSAGE;GET_NODES
0;1474218017;WebsocketSocketHandler got message: WSMESSAGE;GET_NODES
0;1474218017;Got socket message: 
0;1474218017;WSMESSAGE;GET_NODES
0;1474218017;WebsocketSocketHandler got message: WSMESSAGE;GET_NODES
0;1474218017;Got socket message: 
0;1474218017;WSMESSAGE;GET_ACTIONS
0;1474218017;WebsocketSocketHandler got message: WSMESSAGE;GET_ACTIONS
0;1474218017;Got socket message: 
0;1474218017;WSMESSAGE;GET_ACTIONS
0;1474218017;WebsocketSocketHandler got message: WSMESSAGE;GET_ACTIONS
0;1474218044;Got socket message: 
0;1474218044;WSMESSAGE;GET_NODES
0;1474218044;WebsocketSocketHandler got message: WSMESSAGE;GET_NODES
0;1474218044;Got socket message: 
0;1474218044;WSMESSAGE;GET_NODES
0;1474218044;WebsocketSocketHandler got message: WSMESSAGE;GET_NODES
0;1474218044;Got socket message: 
0;1474218044;WSMESSAGE;GET_ACTIONS
0;1474218044;WebsocketSocketHandler got message: WSMESSAGE;GET_ACTIONS
0;1474218044;Got socket message: 
0;1474218044;WSMESSAGE;GET_ACTIONS
0;1474218044;WebsocketSocketHandler got message: WSMESSAGE;GET_ACTIONS
0;1474218062;Got socket message: 
0;1474218062;WSMESSAGE;GET_NODES
0;1474218062;WebsocketSocketHandler got message: WSMESSAGE;GET_NODES
0;1474218062;Got socket message: 
0;1474218062;WSMESSAGE;GET_NODES
0;1474218062;WebsocketSocketHandler got message: WSMESSAGE;GET_NODES
0;1474218063;Got socket message: 
0;1474218063;WSMESSAGE;GET_ACTIONS
0;1474218063;WebsocketSocketHandler got message: WSMESSAGE;GET_ACTIONS
0;1474218063;Got socket message: 
0;1474218063;WSMESSAGE;GET_ACTIONS
0;1474218063;WebsocketSocketHandler got message: WSMESSAGE;GET_ACTIONS
0;1474218129;Got socket message: 
0;1474218129;WSMESSAGE;GET_NODES
0;1474218129;WebsocketSocketHandler got message: WSMESSAGE;GET_NODES
0;1474218129;Got socket message: 
0;1474218129;WSMESSAGE;GET_NODES
0;1474218129;WebsocketSocketHandler got message: WSMESSAGE;GET_NODES
0;1474218129;Got socket message: 
0;1474218129;WSMESSAGE;GET_ACTIONS
0;1474218129;WebsocketSocketHandler got message: WSMESSAGE;GET_ACTIONS
0;1474218129;Got socket message: 
0;1474218129;WSMESSAGE;GET_ACTIONS
0;1474218129;WebsocketSocketHandler got message: WSMESSAGE;GET_ACTIONS
0;1474218202;Got socket message: 
0;1474218202;WSMESSAGE;GET_NODES
0;1474218202;WebsocketSocketHandler got message: WSMESSAGE;GET_NODES
0;1474218202;Got socket message: 
0;1474218202;WSMESSAGE;GET_NODES
0;1474218202;WebsocketSocketHandler got message: WSMESSAGE;GET_NODES
0;1474218202;Got socket message: 
0;1474218202;WSMESSAGE;GET_ACTIONS
0;1474218202;WebsocketSocketHandler got message: WSMESSAGE;GET_ACTIONS
0;1474218202;Got socket message: 
0;1474218202;WSMESSAGE;GET_ACTIONS
0;1474218202;WebsocketSocketHandler got message: WSMESSAGE;GET_ACTIONS
0;1474218384;Got socket message: 
0;1474218384;WSMESSAGE;GET_NODES
0;1474218384;WebsocketSocketHandler got message: WSMESSAGE;GET_NODES
0;1474218384;Got socket message: 
0;1474218384;WSMESSAGE;GET_NODES
0;1474218384;WebsocketSocketHandler got message: WSMESSAGE;GET_NODES
0;1474218385;Got socket message: 
0;1474218385;WSMESSAGE;GET_ACTIONS
0;1474218385;WebsocketSocketHandler got message: WSMESSAGE;GET_ACTIONS
0;1474218385;Got socket message: 
0;1474218385;WSMESSAGE;GET_ACTIONS
0;1474218385;WebsocketSocketHandler got message: WSMESSAGE;GET_ACTIONS
0;1474218422;Got socket message: 
0;1474218422;WSMESSAGE;GET_NODES
0;1474218422;WebsocketSocketHandler got message: WSMESSAGE;GET_NODES
0;1474218422;Got socket message: 
0;1474218422;WSMESSAGE;GET_NODES
0;1474218422;WebsocketSocketHandler got message: WSMESSAGE;GET_NODES
0;1474218422;Got socket message: 
0;1474218422;WSMESSAGE;GET_ACTIONS
0;1474218422;WebsocketSocketHandler got message: WSMESSAGE;GET_ACTIONS
0;1474218422;Got socket message: 
0;1474218422;WSMESSAGE;GET_ACTIONS
0;1474218422;WebsocketSocketHandler got message: WSMESSAGE;GET_ACTIONS
0;1474218454;Got socket message: 
0;1474218454;WSMESSAGE;GET_NODES
0;1474218454;WebsocketSocketHandler got message: WSMESSAGE;GET_NODES
0;1474218454;Got socket message: 
0;1474218454;WSMESSAGE;GET_NODES
0;1474218454;WebsocketSocketHandler got message: WSMESSAGE;GET_NODES
0;1474218454;Got socket message: 
0;1474218454;WSMESSAGE;GET_ACTIONS
0;1474218454;WebsocketSocketHandler got message: WSMESSAGE;GET_ACTIONS
0;1474218454;Got socket message: 
0;1474218454;WSMESSAGE;GET_ACTIONS
0;1474218454;WebsocketSocketHandler got message: WSMESSAGE;GET_ACTIONS
0;1474218475;Got socket message: 
0;1474218475;WSMESSAGE;GET_NODES
0;1474218475;WebsocketSocketHandler got message: WSMESSAGE;GET_NODES
0;1474218475;Got socket message: 
0;1474218475;WSMESSAGE;GET_NODES
0;1474218475;WebsocketSocketHandler got message: WSMESSAGE;GET_NODES
0;1474218475;Got socket message: 
0;1474218475;WSMESSAGE;GET_ACTIONS
0;1474218475;WebsocketSocketHandler got message: WSMESSAGE;GET_ACTIONS
0;1474218475;Got socket message: 
0;1474218475;WSMESSAGE;GET_ACTIONS
0;1474218475;WebsocketSocketHandler got message: WSMESSAGE;GET_ACTIONS
0;1474218486;Got socket message: 
0;1474218486;WSMESSAGE;GET_NODES
0;1474218486;WebsocketSocketHandler got message: WSMESSAGE;GET_NODES
0;1474218486;Got socket message: 
0;1474218486;WSMESSAGE;GET_NODES
0;1474218486;WebsocketSocketHandler got message: WSMESSAGE;GET_NODES
0;1474218486;Got socket message: 
0;1474218486;WSMESSAGE;GET_ACTIONS
0;1474218486;WebsocketSocketHandler got message: WSMESSAGE;GET_ACTIONS
0;1474218486;Got socket message: 
0;1474218486;WSMESSAGE;GET_ACTIONS
0;1474218486;WebsocketSocketHandler got message: WSMESSAGE;GET_ACTIONS
0;1474218551;Got socket message: 
0;1474218551;WSMESSAGE;GET_NODES
0;1474218551;WebsocketSocketHandler got message: WSMESSAGE;GET_NODES
0;1474218552;Got socket message: 
0;1474218552;WSMESSAGE;GET_NODES
0;1474218552;WebsocketSocketHandler got message: WSMESSAGE;GET_NODES
0;1474218552;Got socket message: 
0;1474218552;WSMESSAGE;GET_ACTIONS
0;1474218552;WebsocketSocketHandler got message: WSMESSAGE;GET_ACTIONS
0;1474218552;Got socket message: 
0;1474218552;WSMESSAGE;GET_ACTIONS
0;1474218552;WebsocketSocketHandler got message: WSMESSAGE;GET_ACTIONS
0;1474218709;Got socket message: 
0;1474218709;WSMESSAGE;GET_NODES
0;1474218709;WebsocketSocketHandler got message: WSMESSAGE;GET_NODES
0;1474218709;Got socket message: 
0;1474218709;WSMESSAGE;GET_NODES
0;1474218709;WebsocketSocketHandler got message: WSMESSAGE;GET_NODES
0;1474218709;Got socket message: 
0;1474218709;WSMESSAGE;GET_ACTIONS
0;1474218709;WebsocketSocketHandler got message: WSMESSAGE;GET_ACTIONS
0;1474218709;Got socket message: 
0;1474218709;WSMESSAGE;GET_ACTIONS
0;1474218709;WebsocketSocketHandler got message: WSMESSAGE;GET_ACTIONS
0;1474218723;Got socket message: 
0;1474218723;WSMESSAGE;GET_NODES
0;1474218723;WebsocketSocketHandler got message: WSMESSAGE;GET_NODES
0;1474218723;Got socket message: 
0;1474218723;WSMESSAGE;GET_NODES
0;1474218723;WebsocketSocketHandler got message: WSMESSAGE;GET_NODES
0;1474218723;Got socket message: 
0;1474218723;WSMESSAGE;GET_ACTIONS
0;1474218723;WebsocketSocketHandler got message: WSMESSAGE;GET_ACTIONS
0;1474218723;Got socket message: 
0;1474218723;WSMESSAGE;GET_ACTIONS
0;1474218723;WebsocketSocketHandler got message: WSMESSAGE;GET_ACTIONS
0;1474218770;Got socket message: 
0;1474218770;WSMESSAGE;GET_NODES
0;1474218770;WebsocketSocketHandler got message: WSMESSAGE;GET_NODES
0;1474218770;Got socket message: 
0;1474218770;WSMESSAGE;GET_NODES
0;1474218770;WebsocketSocketHandler got message: WSMESSAGE;GET_NODES
0;1474218770;Got socket message: 
0;1474218770;WSMESSAGE;GET_ACTIONS
0;1474218770;WebsocketSocketHandler got message: WSMESSAGE;GET_ACTIONS
0;1474218770;Got socket message: 
0;1474218770;WSMESSAGE;GET_ACTIONS
0;1474218770;WebsocketSocketHandler got message: WSMESSAGE;GET_ACTIONS
0;1474218781;Got socket message: 
0;1474218781;WSMESSAGE;GET_NODES
0;1474218781;WebsocketSocketHandler got message: WSMESSAGE;GET_NODES
0;1474218781;Got socket message: 
0;1474218781;WSMESSAGE;GET_NODES
0;1474218781;WebsocketSocketHandler got message: WSMESSAGE;GET_NODES
0;1474218781;Got socket message: 
0;1474218781;WSMESSAGE;GET_ACTIONS
0;1474218781;WebsocketSocketHandler got message: WSMESSAGE;GET_ACTIONS
0;1474218781;Got socket message: 
0;1474218781;WSMESSAGE;GET_ACTIONS
0;1474218781;WebsocketSocketHandler got message: WSMESSAGE;GET_ACTIONS
0;1474218789;Got socket message: 
0;1474218789;WSMESSAGE;GET_NODES
0;1474218789;WebsocketSocketHandler got message: WSMESSAGE;GET_NODES
0;1474218790;Got socket message: 
0;1474218790;WSMESSAGE;GET_NODES
0;1474218790;WebsocketSocketHandler got message: WSMESSAGE;GET_NODES
0;1474218790;Got socket message: 
0;1474218790;WSMESSAGE;GET_ACTIONS
0;1474218790;WebsocketSocketHandler got message: WSMESSAGE;GET_ACTIONS
0;1474218790;Got socket message: 
0;1474218790;WSMESSAGE;GET_ACTIONS
0;1474218790;WebsocketSocketHandler got message: WSMESSAGE;GET_ACTIONS
0;1474218803;Got socket message: 
0;1474218803;WSMESSAGE;GET_NODES
0;1474218803;WebsocketSocketHandler got message: WSMESSAGE;GET_NODES
0;1474218803;Got socket message: 
0;1474218803;WSMESSAGE;GET_NODES
0;1474218803;WebsocketSocketHandler got message: WSMESSAGE;GET_NODES
0;1474218803;Got socket message: 
0;1474218803;WSMESSAGE;GET_ACTIONS
0;1474218803;WebsocketSocketHandler got message: WSMESSAGE;GET_ACTIONS
0;1474218803;Got socket message: 
0;1474218803;WSMESSAGE;GET_ACTIONS
0;1474218803;WebsocketSocketHandler got message: WSMESSAGE;GET_ACTIONS
0;1474218827;Got socket message: 
0;1474218827;WSMESSAGE;GET_NODES
0;1474218827;WebsocketSocketHandler got message: WSMESSAGE;GET_NODES
0;1474218827;Got socket message: 
0;1474218827;WSMESSAGE;GET_NODES
0;1474218827;WebsocketSocketHandler got message: WSMESSAGE;GET_NODES
0;1474218827;Got socket message: 
0;1474218827;WSMESSAGE;GET_ACTIONS
0;1474218827;WebsocketSocketHandler got message: WSMESSAGE;GET_ACTIONS
0;1474218827;Got socket message: 
0;1474218827;WSMESSAGE;GET_ACTIONS
0;1474218827;WebsocketSocketHandler got message: WSMESSAGE;GET_ACTIONS
0;1474218872;Got socket message: 
0;1474218872;WSMESSAGE;GET_NODES
0;1474218872;WebsocketSocketHandler got message: WSMESSAGE;GET_NODES
0;1474218872;Got socket message: 
0;1474218872;WSMESSAGE;GET_NODES
0;1474218872;WebsocketSocketHandler got message: WSMESSAGE;GET_NODES
0;1474218872;Got socket message: 
0;1474218872;WSMESSAGE;GET_ACTIONS
0;1474218872;WebsocketSocketHandler got message: WSMESSAGE;GET_ACTIONS
0;1474218872;Got socket message: 
0;1474218872;WSMESSAGE;GET_ACTIONS
0;1474218872;WebsocketSocketHandler got message: WSMESSAGE;GET_ACTIONS
0;1474218900;Got socket message: 
0;1474218900;WSMESSAGE;GET_NODES
0;1474218900;WebsocketSocketHandler got message: WSMESSAGE;GET_NODES
0;1474218900;Got socket message: 
0;1474218900;WSMESSAGE;GET_NODES
0;1474218900;WebsocketSocketHandler got message: WSMESSAGE;GET_NODES
0;1474218900;Got socket message: 
0;1474218900;WSMESSAGE;GET_ACTIONS
0;1474218900;WebsocketSocketHandler got message: WSMESSAGE;GET_ACTIONS
0;1474218900;Got socket message: 
0;1474218900;WSMESSAGE;GET_ACTIONS
0;1474218900;WebsocketSocketHandler got message: WSMESSAGE;GET_ACTIONS
0;1474218921;Got socket message: 
0;1474218921;WSMESSAGE;GET_NODES
0;1474218921;WebsocketSocketHandler got message: WSMESSAGE;GET_NODES
0;1474218921;Got socket message: 
0;1474218921;WSMESSAGE;GET_NODES
0;1474218921;WebsocketSocketHandler got message: WSMESSAGE;GET_NODES
0;1474218921;Got socket message: 
0;1474218921;WSMESSAGE;GET_ACTIONS
0;1474218921;WebsocketSocketHandler got message: WSMESSAGE;GET_ACTIONS
0;1474218921;Got socket message: 
0;1474218921;WSMESSAGE;GET_ACTIONS
0;1474218921;WebsocketSocketHandler got message: WSMESSAGE;GET_ACTIONS
0;1474218957;Got socket message: 
0;1474218957;WSMESSAGE;GET_NODES
0;1474218957;WebsocketSocketHandler got message: WSMESSAGE;GET_NODES
0;1474218957;Got socket message: 
0;1474218957;WSMESSAGE;GET_NODES
0;1474218957;WebsocketSocketHandler got message: WSMESSAGE;GET_NODES
0;1474218957;Got socket message: 
0;1474218957;WSMESSAGE;GET_ACTIONS
0;1474218957;WebsocketSocketHandler got message: WSMESSAGE;GET_ACTIONS
0;1474218957;Got socket message: 
0;1474218957;WSMESSAGE;GET_ACTIONS
0;1474218957;WebsocketSocketHandler got message: WSMESSAGE;GET_ACTIONS
0;1474218982;Got socket message: 
0;1474218982;WSMESSAGE;GET_NODES
0;1474218982;WebsocketSocketHandler got message: WSMESSAGE;GET_NODES
0;1474218982;Got socket message: 
0;1474218982;WSMESSAGE;GET_NODES
0;1474218982;WebsocketSocketHandler got message: WSMESSAGE;GET_NODES
0;1474218982;Got socket message: 
0;1474218982;WSMESSAGE;GET_ACTIONS
0;1474218982;WebsocketSocketHandler got message: WSMESSAGE;GET_ACTIONS
0;1474218982;Got socket message: 
0;1474218982;WSMESSAGE;GET_ACTIONS
0;1474218982;WebsocketSocketHandler got message: WSMESSAGE;GET_ACTIONS
0;1474218990;Got socket message: 
0;1474218990;WSMESSAGE;GET_NODES
0;1474218990;WebsocketSocketHandler got message: WSMESSAGE;GET_NODES
0;1474218990;Got socket message: 
0;1474218990;WSMESSAGE;GET_NODES
0;1474218990;WebsocketSocketHandler got message: WSMESSAGE;GET_NODES
0;1474218991;Got socket message: 
0;1474218991;WSMESSAGE;GET_ACTIONS
0;1474218991;WebsocketSocketHandler got message: WSMESSAGE;GET_ACTIONS
0;1474218991;Got socket message: 
0;1474218991;WSMESSAGE;GET_ACTIONS
0;1474218991;WebsocketSocketHandler got message: WSMESSAGE;GET_ACTIONS
0;1474219014;Got socket message: 
0;1474219014;WSMESSAGE;GET_NODES
0;1474219014;WebsocketSocketHandler got message: WSMESSAGE;GET_NODES
0;1474219014;Got socket message: 
0;1474219014;WSMESSAGE;GET_NODES
0;1474219014;WebsocketSocketHandler got message: WSMESSAGE;GET_NODES
0;1474219014;Got socket message: 
0;1474219014;WSMESSAGE;GET_ACTIONS
0;1474219014;WebsocketSocketHandler got message: WSMESSAGE;GET_ACTIONS
0;1474219014;Got socket message: 
0;1474219014;WSMESSAGE;GET_ACTIONS
0;1474219014;WebsocketSocketHandler got message: WSMESSAGE;GET_ACTIONS
0;1474219037;Got socket message: 
0;1474219037;WSMESSAGE;GET_NODES
0;1474219037;WebsocketSocketHandler got message: WSMESSAGE;GET_NODES
0;1474219037;Got socket message: 
0;1474219037;WSMESSAGE;GET_NODES
0;1474219037;WebsocketSocketHandler got message: WSMESSAGE;GET_NODES
0;1474219037;Got socket message: 
0;1474219037;WSMESSAGE;GET_ACTIONS
0;1474219037;WebsocketSocketHandler got message: WSMESSAGE;GET_ACTIONS
0;1474219037;Got socket message: 
0;1474219037;WSMESSAGE;GET_ACTIONS
0;1474219037;WebsocketSocketHandler got message: WSMESSAGE;GET_ACTIONS
0;1474219050;Got socket message: 
0;1474219050;WSMESSAGE;GET_NODES
0;1474219050;WebsocketSocketHandler got message: WSMESSAGE;GET_NODES
0;1474219050;Got socket message: 
0;1474219050;WSMESSAGE;GET_NODES
0;1474219050;WebsocketSocketHandler got message: WSMESSAGE;GET_NODES
0;1474219050;Got socket message: 
0;1474219050;WSMESSAGE;GET_ACTIONS
0;1474219050;WebsocketSocketHandler got message: WSMESSAGE;GET_ACTIONS
0;1474219050;Got socket message: 
0;1474219050;WSMESSAGE;GET_ACTIONS
0;1474219050;WebsocketSocketHandler got message: WSMESSAGE;GET_ACTIONS
0;1474219107;Got socket message: 
0;1474219107;WSMESSAGE;GET_NODES
0;1474219107;WebsocketSocketHandler got message: WSMESSAGE;GET_NODES
0;1474219107;Got socket message: 
0;1474219107;WSMESSAGE;GET_NODES
0;1474219107;WebsocketSocketHandler got message: WSMESSAGE;GET_NODES
0;1474219108;Got socket message: 
0;1474219108;WSMESSAGE;GET_ACTIONS
0;1474219108;WebsocketSocketHandler got message: WSMESSAGE;GET_ACTIONS
0;1474219108;Got socket message: 
0;1474219108;WSMESSAGE;GET_ACTIONS
0;1474219108;WebsocketSocketHandler got message: WSMESSAGE;GET_ACTIONS
0;1474219193;Got socket message: 
0;1474219193;WSMESSAGE;GET_NODES
0;1474219193;WebsocketSocketHandler got message: WSMESSAGE;GET_NODES
0;1474219193;Got socket message: 
0;1474219193;WSMESSAGE;GET_NODES
0;1474219193;WebsocketSocketHandler got message: WSMESSAGE;GET_NODES
0;1474219193;Got socket message: 
0;1474219193;WSMESSAGE;GET_ACTIONS
0;1474219193;WebsocketSocketHandler got message: WSMESSAGE;GET_ACTIONS
0;1474219193;Got socket message: 
0;1474219193;WSMESSAGE;GET_ACTIONS
0;1474219193;WebsocketSocketHandler got message: WSMESSAGE;GET_ACTIONS
0;1474219278;Got socket message: 
0;1474219278;WSMESSAGE;GET_NODES
0;1474219278;WebsocketSocketHandler got message: WSMESSAGE;GET_NODES
0;1474219278;Got socket message: 
0;1474219278;WSMESSAGE;GET_NODES
0;1474219278;WebsocketSocketHandler got message: WSMESSAGE;GET_NODES
0;1474219278;Got socket message: 
0;1474219278;WSMESSAGE;GET_ACTIONS
0;1474219278;WebsocketSocketHandler got message: WSMESSAGE;GET_ACTIONS
0;1474219278;Got socket message: 
0;1474219278;WSMESSAGE;GET_ACTIONS
0;1474219278;WebsocketSocketHandler got message: WSMESSAGE;GET_ACTIONS
0;1474219291;Got socket message: 
0;1474219291;WSMESSAGE;GET_NODES
0;1474219291;WebsocketSocketHandler got message: WSMESSAGE;GET_NODES
0;1474219291;Got socket message: 
0;1474219291;WSMESSAGE;GET_NODES
0;1474219291;WebsocketSocketHandler got message: WSMESSAGE;GET_NODES
0;1474219291;Got socket message: 
0;1474219291;WSMESSAGE;GET_ACTIONS
0;1474219291;WebsocketSocketHandler got message: WSMESSAGE;GET_ACTIONS
0;1474219291;Got socket message: 
0;1474219291;WSMESSAGE;GET_ACTIONS
0;1474219291;WebsocketSocketHandler got message: WSMESSAGE;GET_ACTIONS
0;1474219334;Got socket message: 
0;1474219334;WSMESSAGE;GET_NODES
0;1474219334;WebsocketSocketHandler got message: WSMESSAGE;GET_NODES
0;1474219334;Got socket message: 
0;1474219334;WSMESSAGE;GET_NODES
0;1474219334;WebsocketSocketHandler got message: WSMESSAGE;GET_NODES
0;1474219334;Got socket message: 
0;1474219334;WSMESSAGE;GET_ACTIONS
0;1474219334;WebsocketSocketHandler got message: WSMESSAGE;GET_ACTIONS
0;1474219334;Got socket message: 
0;1474219334;WSMESSAGE;GET_ACTIONS
0;1474219334;WebsocketSocketHandler got message: WSMESSAGE;GET_ACTIONS
0;1474219506;Got socket message: 
0;1474219506;WSMESSAGE;GRCS
0;1474219506;WebsocketSocketHandler got message: WSMESSAGE;GRCS
2;1474219506;(WebsocketSocketHandler) Got unknown message: WSMESSAGE;GRCS
2;1474219506;(WebsocketSocketHandler) Command: GRCS
0;1474219506;Got socket message: 
0;1474219506;WSMESSAGE;GRCS
0;1474219506;WebsocketSocketHandler got message: WSMESSAGE;GRCS
2;1474219506;(WebsocketSocketHandler) Got unknown message: WSMESSAGE;GRCS
2;1474219506;(WebsocketSocketHandler) Command: GRCS
0;1474219506;Got socket message: 
0;1474219506;WSMESSAGE;GRES
0;1474219506;WebsocketSocketHandler got message: WSMESSAGE;GRES
2;1474219506;(WebsocketSocketHandler) Got unknown message: WSMESSAGE;GRES
2;1474219506;(WebsocketSocketHandler) Command: GRES
0;1474219506;Got socket message: 
0;1474219506;WSMESSAGE;GRES
0;1474219506;WebsocketSocketHandler got message: WSMESSAGE;GRES
2;1474219506;(WebsocketSocketHandler) Got unknown message: WSMESSAGE;GRES
2;1474219506;(WebsocketSocketHandler) Command: GRES
0;1474219506;Got socket message: 
0;1474219506;WSMESSAGE;GETRULES
0;1474219506;WebsocketSocketHandler got message: WSMESSAGE;GETRULES
0;1474219506;Got socket message: 
0;1474219506;WSMESSAGE;GETRULES
0;1474219506;WebsocketSocketHandler got message: WSMESSAGE;GETRULES
0;1474219509;Got socket message: 
0;1474219509;WSMESSAGE;GET_NODES
0;1474219509;WebsocketSocketHandler got message: WSMESSAGE;GET_NODES
0;1474219509;Got socket message: 
0;1474219509;WSMESSAGE;GET_NODES
0;1474219509;WebsocketSocketHandler got message: WSMESSAGE;GET_NODES
0;1474219509;Got socket message: 
0;1474219509;WSMESSAGE;GET_ACTIONS
0;1474219509;WebsocketSocketHandler got message: WSMESSAGE;GET_ACTIONS
0;1474219509;Got socket message: 
0;1474219509;WSMESSAGE;GET_ACTIONS
0;1474219509;WebsocketSocketHandler got message: WSMESSAGE;GET_ACTIONS
0;1474219783;Got socket message: 
0;1474219783;SHUTDOWN
1;1474219783;Got shutdown message
1;1474219783;(NodeCommunication)NodeCommunication thread shutting down
1;1474220041;Setup started.
1;1474220041;Opening database file: ../Python/files/data.db
1;1474220041;Database connection opened.
1;1474220041;Main loop started
1;1474220041;(NodeCommunication)NodeCommunication thread started
1;1474220041;(SocketCommunication)SocketCommunication thread started
0;1474220041;Got socket message: 
0;1474220041;PING
0;1474220041;Pong!
0;1474220041;Got socket message: 
0;1474220041;WSMESSAGE;GET_NODES
0;1474220041;WebsocketSocketHandler got message: WSMESSAGE;GET_NODES
0;1474220118;Got socket message: 
0;1474220118;WSMESSAGE;GRCS
0;1474220118;WebsocketSocketHandler got message: WSMESSAGE;GRCS
2;1474220118;(WebsocketSocketHandler) Got unknown message: WSMESSAGE;GRCS
2;1474220118;(WebsocketSocketHandler) Command: GRCS
0;1474220118;Got socket message: 
0;1474220118;WSMESSAGE;GRCS
0;1474220118;WebsocketSocketHandler got message: WSMESSAGE;GRCS
2;1474220118;(WebsocketSocketHandler) Got unknown message: WSMESSAGE;GRCS
2;1474220118;(WebsocketSocketHandler) Command: GRCS
0;1474220118;Got socket message: 
0;1474220118;WSMESSAGE;GRES
0;1474220118;WebsocketSocketHandler got message: WSMESSAGE;GRES
2;1474220118;(WebsocketSocketHandler) Got unknown message: WSMESSAGE;GRES
2;1474220118;(WebsocketSocketHandler) Command: GRES
0;1474220118;Got socket message: 
0;1474220118;WSMESSAGE;GRES
0;1474220118;WebsocketSocketHandler got message: WSMESSAGE;GRES
2;1474220118;(WebsocketSocketHandler) Got unknown message: WSMESSAGE;GRES
2;1474220118;(WebsocketSocketHandler) Command: GRES
0;1474220118;Got socket message: 
0;1474220118;WSMESSAGE;GETRULES
0;1474220118;WebsocketSocketHandler got message: WSMESSAGE;GETRULES
0;1474220118;Got socket message: 
0;1474220118;WSMESSAGE;GETRULES
0;1474220118;WebsocketSocketHandler got message: WSMESSAGE;GETRULES
0;1474220146;Got socket message: 
0;1474220146;WSMESSAGE;GRCS
0;1474220146;WebsocketSocketHandler got message: WSMESSAGE;GRCS
2;1474220146;(WebsocketSocketHandler) Got unknown message: WSMESSAGE;GRCS
2;1474220146;(WebsocketSocketHandler) Command: GRCS
0;1474220146;Got socket message: 
0;1474220146;WSMESSAGE;GRCS
0;1474220146;WebsocketSocketHandler got message: WSMESSAGE;GRCS
2;1474220146;(WebsocketSocketHandler) Got unknown message: WSMESSAGE;GRCS
2;1474220146;(WebsocketSocketHandler) Command: GRCS
0;1474220146;Got socket message: 
0;1474220146;WSMESSAGE;GRES
0;1474220146;WebsocketSocketHandler got message: WSMESSAGE;GRES
2;1474220146;(WebsocketSocketHandler) Got unknown message: WSMESSAGE;GRES
2;1474220146;(WebsocketSocketHandler) Command: GRES
0;1474220146;Got socket message: 
0;1474220146;WSMESSAGE;GRES
0;1474220146;WebsocketSocketHandler got message: WSMESSAGE;GRES
2;1474220146;(WebsocketSocketHandler) Got unknown message: WSMESSAGE;GRES
2;1474220146;(WebsocketSocketHandler) Command: GRES
0;1474220147;Got socket message: 
0;1474220147;WSMESSAGE;GETRULES
0;1474220147;WebsocketSocketHandler got message: WSMESSAGE;GETRULES
0;1474220147;Got socket message: 
0;1474220147;WSMESSAGE;GETRULES
0;1474220147;WebsocketSocketHandler got message: WSMESSAGE;GETRULES
0;1474220150;Got socket message: 
0;1474220150;WSMESSAGE;GET_NODES
0;1474220150;WebsocketSocketHandler got message: WSMESSAGE;GET_NODES
0;1474220150;Got socket message: 
0;1474220150;WSMESSAGE;GET_NODES
0;1474220150;WebsocketSocketHandler got message: WSMESSAGE;GET_NODES
0;1474220150;Got socket message: 
0;1474220150;WSMESSAGE;GET_ACTIONS
0;1474220150;WebsocketSocketHandler got message: WSMESSAGE;GET_ACTIONS
0;1474220150;Got socket message: 
0;1474220150;WSMESSAGE;GET_ACTIONS
0;1474220150;WebsocketSocketHandler got message: WSMESSAGE;GET_ACTIONS
0;1474220207;Got socket message: 
0;1474220207;WSMESSAGE;GET_NODES
0;1474220207;WebsocketSocketHandler got message: WSMESSAGE;GET_NODES
0;1474220207;Got socket message: 
0;1474220207;WSMESSAGE;GET_NODES
0;1474220207;WebsocketSocketHandler got message: WSMESSAGE;GET_NODES
0;1474220207;Got socket message: 
0;1474220207;WSMESSAGE;GET_ACTIONS
0;1474220207;WebsocketSocketHandler got message: WSMESSAGE;GET_ACTIONS
0;1474220207;Got socket message: 
0;1474220207;WSMESSAGE;GET_ACTIONS
0;1474220207;WebsocketSocketHandler got message: WSMESSAGE;GET_ACTIONS
0;1474220218;Got socket message: 
0;1474220218;WSMESSAGE;GET_NODES
0;1474220218;WebsocketSocketHandler got message: WSMESSAGE;GET_NODES
0;1474220218;Got socket message: 
0;1474220218;WSMESSAGE;GET_NODES
0;1474220218;WebsocketSocketHandler got message: WSMESSAGE;GET_NODES
0;1474220218;Got socket message: 
0;1474220218;WSMESSAGE;GET_ACTIONS
0;1474220218;WebsocketSocketHandler got message: WSMESSAGE;GET_ACTIONS
0;1474220218;Got socket message: 
0;1474220218;WSMESSAGE;GET_ACTIONS
0;1474220218;WebsocketSocketHandler got message: WSMESSAGE;GET_ACTIONS
0;1474220230;Got socket message: 
0;1474220230;WSMESSAGE;GET_NODE;1
0;1474220230;WebsocketSocketHandler got message: WSMESSAGE;GET_NODE;1
0;1474220230;Got socket message: 
0;1474220230;WSMESSAGE;GET_NODE;1
0;1474220230;WebsocketSocketHandler got message: WSMESSAGE;GET_NODE;1
0;1474220241;Got socket message: 
0;1474220242;WSMESSAGE;GET_NODE;1
0;1474220242;WebsocketSocketHandler got message: WSMESSAGE;GET_NODE;1
0;1474220242;Got socket message: 
0;1474220242;WSMESSAGE;GET_NODE;1
0;1474220242;WebsocketSocketHandler got message: WSMESSAGE;GET_NODE;1
0;1474220255;Got socket message: 
0;1474220255;WSMESSAGE;GET_NODE;1
0;1474220255;WebsocketSocketHandler got message: WSMESSAGE;GET_NODE;1
0;1474220255;Got socket message: 
0;1474220255;WSMESSAGE;GET_NODE;1
0;1474220255;WebsocketSocketHandler got message: WSMESSAGE;GET_NODE;1
0;1474220264;Got socket message: 
0;1474220264;WSMESSAGE;GET_NODE;1
0;1474220264;WebsocketSocketHandler got message: WSMESSAGE;GET_NODE;1
0;1474220264;Got socket message: 
0;1474220264;WSMESSAGE;GET_NODE;1
0;1474220264;WebsocketSocketHandler got message: WSMESSAGE;GET_NODE;1
0;1474220272;Got socket message: 
0;1474220272;WSMESSAGE;GET_NODE;1
0;1474220272;WebsocketSocketHandler got message: WSMESSAGE;GET_NODE;1
0;1474220272;Got socket message: 
0;1474220272;WSMESSAGE;GET_NODE;1
0;1474220272;WebsocketSocketHandler got message: WSMESSAGE;GET_NODE;1
0;1474220307;Got socket message: 
0;1474220307;WSMESSAGE;GET_NODE;1
0;1474220307;WebsocketSocketHandler got message: WSMESSAGE;GET_NODE;1
0;1474220307;Got socket message: 
0;1474220307;WSMESSAGE;GET_NODE;1
0;1474220307;WebsocketSocketHandler got message: WSMESSAGE;GET_NODE;1
0;1474220336;Got socket message: 
0;1474220336;WSMESSAGE;GET_NODE;1
0;1474220336;WebsocketSocketHandler got message: WSMESSAGE;GET_NODE;1
0;1474220336;Got socket message: 
0;1474220336;WSMESSAGE;GET_NODE;1
0;1474220336;WebsocketSocketHandler got message: WSMESSAGE;GET_NODE;1
0;1474220456;Got socket message: 
0;1474220456;WSMESSAGE;GET_NODE;1
0;1474220456;WebsocketSocketHandler got message: WSMESSAGE;GET_NODE;1
0;1474220456;Got socket message: 
0;1474220456;WSMESSAGE;GET_NODE;1
0;1474220456;WebsocketSocketHandler got message: WSMESSAGE;GET_NODE;1
0;1474220467;Got socket message: 
0;1474220467;WSMESSAGE;GET_NODE;1
0;1474220467;WebsocketSocketHandler got message: WSMESSAGE;GET_NODE;1
0;1474220467;Got socket message: 
0;1474220467;WSMESSAGE;GET_NODE;1
0;1474220467;WebsocketSocketHandler got message: WSMESSAGE;GET_NODE;1
0;1474220685;Got socket message: 
0;1474220685;WSMESSAGE;GET_NODE;1
0;1474220685;WebsocketSocketHandler got message: WSMESSAGE;GET_NODE;1
0;1474220685;Got socket message: 
0;1474220685;WSMESSAGE;GET_NODE;1
0;1474220685;WebsocketSocketHandler got message: WSMESSAGE;GET_NODE;1
0;1474220786;Got socket message: 
0;1474220786;WSMESSAGE;GET_NODE;1
0;1474220786;WebsocketSocketHandler got message: WSMESSAGE;GET_NODE;1
0;1474220786;Got socket message: 
0;1474220786;WSMESSAGE;GET_NODE;1
0;1474220786;WebsocketSocketHandler got message: WSMESSAGE;GET_NODE;1
0;1474220805;Got socket message: 
0;1474220805;WSMESSAGE;GET_NODE;1
0;1474220805;WebsocketSocketHandler got message: WSMESSAGE;GET_NODE;1
0;1474220805;Got socket message: 
0;1474220805;WSMESSAGE;GET_NODE;1
0;1474220805;WebsocketSocketHandler got message: WSMESSAGE;GET_NODE;1
0;1474221541;Got socket message: 
0;1474221541;WSMESSAGE;GRCS
0;1474221541;WebsocketSocketHandler got message: WSMESSAGE;GRCS
2;1474221541;(WebsocketSocketHandler) Got unknown message: WSMESSAGE;GRCS
2;1474221541;(WebsocketSocketHandler) Command: GRCS
0;1474221541;Got socket message: 
0;1474221541;WSMESSAGE;GRCS
0;1474221541;WebsocketSocketHandler got message: WSMESSAGE;GRCS
2;1474221541;(WebsocketSocketHandler) Got unknown message: WSMESSAGE;GRCS
2;1474221541;(WebsocketSocketHandler) Command: GRCS
0;1474221541;Got socket message: 
0;1474221541;WSMESSAGE;GRES
0;1474221541;WebsocketSocketHandler got message: WSMESSAGE;GRES
2;1474221541;(WebsocketSocketHandler) Got unknown message: WSMESSAGE;GRES
2;1474221541;(WebsocketSocketHandler) Command: GRES
0;1474221541;Got socket message: 
0;1474221541;WSMESSAGE;GRES
0;1474221541;WebsocketSocketHandler got message: WSMESSAGE;GRES
2;1474221541;(WebsocketSocketHandler) Got unknown message: WSMESSAGE;GRES
2;1474221541;(WebsocketSocketHandler) Command: GRES
0;1474221541;Got socket message: 
0;1474221541;WSMESSAGE;GETRULES
0;1474221541;WebsocketSocketHandler got message: WSMESSAGE;GETRULES
0;1474221541;Got socket message: 
0;1474221541;WSMESSAGE;GETRULES
0;1474221541;WebsocketSocketHandler got message: WSMESSAGE;GETRULES
0;1474221542;Got socket message: 
0;1474221542;WSMESSAGE;GET_NODES
0;1474221542;WebsocketSocketHandler got message: WSMESSAGE;GET_NODES
0;1474221542;Got socket message: 
0;1474221542;WSMESSAGE;GET_NODES
0;1474221542;WebsocketSocketHandler got message: WSMESSAGE;GET_NODES
0;1474221542;Got socket message: 
0;1474221542;WSMESSAGE;GET_ACTIONS
0;1474221542;WebsocketSocketHandler got message: WSMESSAGE;GET_ACTIONS
0;1474221542;Got socket message: 
0;1474221542;WSMESSAGE;GET_ACTIONS
0;1474221542;WebsocketSocketHandler got message: WSMESSAGE;GET_ACTIONS
0;1474221559;Got socket message: 
0;1474221559;WSMESSAGE;GRCS
0;1474221559;WebsocketSocketHandler got message: WSMESSAGE;GRCS
2;1474221559;(WebsocketSocketHandler) Got unknown message: WSMESSAGE;GRCS
2;1474221559;(WebsocketSocketHandler) Command: GRCS
0;1474221559;Got socket message: 
0;1474221559;WSMESSAGE;GRCS
0;1474221559;WebsocketSocketHandler got message: WSMESSAGE;GRCS
2;1474221559;(WebsocketSocketHandler) Got unknown message: WSMESSAGE;GRCS
2;1474221559;(WebsocketSocketHandler) Command: GRCS
0;1474221559;Got socket message: 
0;1474221559;WSMESSAGE;GRES
0;1474221559;WebsocketSocketHandler got message: WSMESSAGE;GRES
2;1474221559;(WebsocketSocketHandler) Got unknown message: WSMESSAGE;GRES
2;1474221559;(WebsocketSocketHandler) Command: GRES
0;1474221559;Got socket message: 
0;1474221559;WSMESSAGE;GRES
0;1474221559;WebsocketSocketHandler got message: WSMESSAGE;GRES
2;1474221559;(WebsocketSocketHandler) Got unknown message: WSMESSAGE;GRES
2;1474221559;(WebsocketSocketHandler) Command: GRES
0;1474221559;Got socket message: 
0;1474221559;WSMESSAGE;GETRULES
0;1474221559;WebsocketSocketHandler got message: WSMESSAGE;GETRULES
0;1474221559;Got socket message: 
0;1474221559;WSMESSAGE;GETRULES
0;1474221559;WebsocketSocketHandler got message: WSMESSAGE;GETRULES
0;1474221567;Got socket message: 
0;1474221567;WSMESSAGE;GET_NODE;2
0;1474221567;WebsocketSocketHandler got message: WSMESSAGE;GET_NODE;2
0;1474221567;Got socket message: 
0;1474221567;WSMESSAGE;GET_NODE;2
0;1474221567;WebsocketSocketHandler got message: WSMESSAGE;GET_NODE;2
0;1474221584;Got socket message: 
0;1474221584;WSMESSAGE;GET_NODES
0;1474221584;WebsocketSocketHandler got message: WSMESSAGE;GET_NODES
0;1474221584;Got socket message: 
0;1474221584;WSMESSAGE;GET_NODES
0;1474221584;WebsocketSocketHandler got message: WSMESSAGE;GET_NODES
0;1474221584;Got socket message: 
0;1474221584;WSMESSAGE;GET_ACTIONS
0;1474221584;WebsocketSocketHandler got message: WSMESSAGE;GET_ACTIONS
0;1474221584;Got socket message: 
0;1474221584;WSMESSAGE;GET_ACTIONS
0;1474221584;WebsocketSocketHandler got message: WSMESSAGE;GET_ACTIONS
0;1474221599;Got socket message: 
0;1474221599;WSMESSAGE;IP_request
0;1474221599;WebsocketSocketHandler got message: WSMESSAGE;IP_request
2;1474221599;(WebsocketSocketHandler) Got unknown message: WSMESSAGE;IP_request
2;1474221599;(WebsocketSocketHandler) Command: IP_request
0;1474221599;Got socket message: 
0;1474221599;WSMESSAGE;IP_request
0;1474221599;WebsocketSocketHandler got message: WSMESSAGE;IP_request
2;1474221599;(WebsocketSocketHandler) Got unknown message: WSMESSAGE;IP_request
2;1474221599;(WebsocketSocketHandler) Command: IP_request
0;1474221599;Got socket message: 
0;1474221599;WSMESSAGE;IP_request
0;1474221599;WebsocketSocketHandler got message: WSMESSAGE;IP_request
2;1474221599;(WebsocketSocketHandler) Got unknown message: WSMESSAGE;IP_request
2;1474221599;(WebsocketSocketHandler) Command: IP_request
0;1474221599;Got socket message: 
0;1474221599;WSMESSAGE;IP_request
0;1474221599;WebsocketSocketHandler got message: WSMESSAGE;IP_request
2;1474221599;(WebsocketSocketHandler) Got unknown message: WSMESSAGE;IP_request
2;1474221599;(WebsocketSocketHandler) Command: IP_request
0;1474221599;Got socket message: 
0;1474221599;WSMESSAGE;IP_request
0;1474221599;WebsocketSocketHandler got message: WSMESSAGE;IP_request
2;1474221599;(WebsocketSocketHandler) Got unknown message: WSMESSAGE;IP_request
2;1474221599;(WebsocketSocketHandler) Command: IP_request
0;1474221599;Got socket message: 
0;1474221599;WSMESSAGE;IP_request
0;1474221599;WebsocketSocketHandler got message: WSMESSAGE;IP_request
2;1474221599;(WebsocketSocketHandler) Got unknown message: WSMESSAGE;IP_request
2;1474221599;(WebsocketSocketHandler) Command: IP_request
0;1474221599;Got socket message: 
0;1474221599;WSMESSAGE;IP_request
0;1474221599;WebsocketSocketHandler got message: WSMESSAGE;IP_request
2;1474221599;(WebsocketSocketHandler) Got unknown message: WSMESSAGE;IP_request
2;1474221599;(WebsocketSocketHandler) Command: IP_request
0;1474221599;Got socket message: 
0;1474221599;WSMESSAGE;IP_request
0;1474221599;WebsocketSocketHandler got message: WSMESSAGE;IP_request
2;1474221599;(WebsocketSocketHandler) Got unknown message: WSMESSAGE;IP_request
2;1474221599;(WebsocketSocketHandler) Command: IP_request
0;1474221599;Got socket message: 
0;1474221599;WSMESSAGE;IP_request
0;1474221599;WebsocketSocketHandler got message: WSMESSAGE;IP_request
2;1474221599;(WebsocketSocketHandler) Got unknown message: WSMESSAGE;IP_request
2;1474221599;(WebsocketSocketHandler) Command: IP_request
0;1474221599;Got socket message: 
0;1474221599;WSMESSAGE;NW_request
0;1474221599;WebsocketSocketHandler got message: WSMESSAGE;NW_request
2;1474221599;(WebsocketSocketHandler) Got unknown message: WSMESSAGE;NW_request
2;1474221599;(WebsocketSocketHandler) Command: NW_request
0;1474221599;Got socket message: 
0;1474221599;WSMESSAGE;NW_request
0;1474221599;WebsocketSocketHandler got message: WSMESSAGE;NW_request
2;1474221599;(WebsocketSocketHandler) Got unknown message: WSMESSAGE;NW_request
2;1474221599;(WebsocketSocketHandler) Command: NW_request
0;1474221599;Got socket message: 
0;1474221599;WSMESSAGE;NW_request
0;1474221599;WebsocketSocketHandler got message: WSMESSAGE;NW_request
2;1474221599;(WebsocketSocketHandler) Got unknown message: WSMESSAGE;NW_request
2;1474221599;(WebsocketSocketHandler) Command: NW_request
0;1474221599;Got socket message: 
0;1474221599;WSMESSAGE;NW_request
0;1474221599;WebsocketSocketHandler got message: WSMESSAGE;NW_request
2;1474221599;(WebsocketSocketHandler) Got unknown message: WSMESSAGE;NW_request
2;1474221599;(WebsocketSocketHandler) Command: NW_request
0;1474221599;Got socket message: 
0;1474221599;WSMESSAGE;NW_request
0;1474221599;WebsocketSocketHandler got message: WSMESSAGE;NW_request
2;1474221599;(WebsocketSocketHandler) Got unknown message: WSMESSAGE;NW_request
2;1474221599;(WebsocketSocketHandler) Command: NW_request
0;1474221599;Got socket message: 
0;1474221599;WSMESSAGE;NW_request
0;1474221599;WebsocketSocketHandler got message: WSMESSAGE;NW_request
2;1474221599;(WebsocketSocketHandler) Got unknown message: WSMESSAGE;NW_request
2;1474221599;(WebsocketSocketHandler) Command: NW_request
0;1474221599;Got socket message: 
0;1474221599;WSMESSAGE;NW_request
0;1474221599;WebsocketSocketHandler got message: WSMESSAGE;NW_request
2;1474221599;(WebsocketSocketHandler) Got unknown message: WSMESSAGE;NW_request
2;1474221599;(WebsocketSocketHandler) Command: NW_request
0;1474221599;Got socket message: 
0;1474221599;WSMESSAGE;NW_request
0;1474221599;WebsocketSocketHandler got message: WSMESSAGE;NW_request
2;1474221599;(WebsocketSocketHandler) Got unknown message: WSMESSAGE;NW_request
2;1474221599;(WebsocketSocketHandler) Command: NW_request
0;1474221599;Got socket message: 
0;1474221599;WSMESSAGE;NW_request
0;1474221599;WebsocketSocketHandler got message: WSMESSAGE;NW_request
2;1474221599;(WebsocketSocketHandler) Got unknown message: WSMESSAGE;NW_request
2;1474221599;(WebsocketSocketHandler) Command: NW_request
0;1474221649;Got socket message: 
0;1474221649;SHUTDOWN
1;1474221649;Got shutdown message
1;1474221649;(NodeCommunication)NodeCommunication thread shutting down
