1;1474118117;Setup started.
1;1474118117;Opening database file: ../Python/files/data.db
1;1474118117;Database connection opened.
1;1474118117;Main loop started
1;1474118117;(NodeCommunication)NodeCommunication thread started
1;1474118117;(SocketCommunication)SocketCommunication thread started
0;1474118118;Got socket message: 
0;1474118118;PING
0;1474118118;Pong!
0;1474118118;Got socket message: 
0;1474118118;WSMESSAGE;GET_NODES
0;1474118118;WebsocketSocketHandler got message: WSMESSAGE;GET_NODES
0;1474118144;Got socket message: 
0;1474118144;WSMESSAGE;GRCS
0;1474118144;WebsocketSocketHandler got message: WSMESSAGE;GRCS
2;1474118144;(WebsocketSocketHandler) Got unknown message: WSMESSAGE;GRCS
2;1474118144;(WebsocketSocketHandler) Command: GRCS
0;1474118144;Got socket message: 
0;1474118144;WSMESSAGE;GRES
0;1474118144;WebsocketSocketHandler got message: WSMESSAGE;GRES
2;1474118144;(WebsocketSocketHandler) Got unknown message: WSMESSAGE;GRES
2;1474118144;(WebsocketSocketHandler) Command: GRES
0;1474118144;Got socket message: 
0;1474118144;WSMESSAGE;GETRULES
0;1474118144;WebsocketSocketHandler got message: WSMESSAGE;GETRULES
0;1474118223;Got socket message: 
0;1474118223;WSMESSAGE;GET_NODES
0;1474118223;WebsocketSocketHandler got message: WSMESSAGE;GET_NODES
0;1474118223;Got socket message: 
0;1474118223;WSMESSAGE;GET_ACTIONS
0;1474118223;WebsocketSocketHandler got message: WSMESSAGE;GET_ACTIONS
0;1474118239;Got socket message: 
0;1474118239;WSMESSAGE;GET_NODES
0;1474118239;WebsocketSocketHandler got message: WSMESSAGE;GET_NODES
0;1474118239;Got socket message: 
0;1474118239;WSMESSAGE;GET_ACTIONS
0;1474118239;WebsocketSocketHandler got message: WSMESSAGE;GET_ACTIONS
0;1474118262;Got socket message: 
0;1474118262;WSMESSAGE;GET_NODES
0;1474118262;WebsocketSocketHandler got message: WSMESSAGE;GET_NODES
0;1474118262;Got socket message: 
0;1474118262;WSMESSAGE;GET_ACTIONS
0;1474118262;WebsocketSocketHandler got message: WSMESSAGE;GET_ACTIONS
0;1474118301;Got socket message: 
0;1474118301;SHUTDOWN
1;1474118301;Got shutdown message
1;1474118301;(NodeCommunication)NodeCommunication thread shutting down
1;1474124819;Setup started.
1;1474124819;Opening database file: ../Python/files/data.db
1;1474124819;Database connection opened.
1;1474124819;Main loop started
1;1474124819;(NodeCommunication)NodeCommunication thread started
1;1474124819;(SocketCommunication)SocketCommunication thread started
0;1474124819;Got socket message: 
0;1474124819;PING
0;1474124819;Pong!
0;1474124819;Got socket message: 
0;1474124819;WSMESSAGE;GET_NODES
0;1474124819;WebsocketSocketHandler got message: WSMESSAGE;GET_NODES
0;1474124936;Got socket message: 
0;1474124936;WSMESSAGE;GRCS
0;1474124936;WebsocketSocketHandler got message: WSMESSAGE;GRCS
2;1474124936;(WebsocketSocketHandler) Got unknown message: WSMESSAGE;GRCS
2;1474124936;(WebsocketSocketHandler) Command: GRCS
0;1474124936;Got socket message: 
0;1474124936;WSMESSAGE;GRESWSMESSAGE;GETRULES
0;1474124936;WebsocketSocketHandler got message: WSMESSAGE;GRESWSMESSAGE;GETRULES
2;1474124936;(WebsocketSocketHandler) Got unknown message: WSMESSAGE;GRESWSMESSAGE;GETRULES
2;1474124936;(WebsocketSocketHandler) Command: GRESWSMESSAGE
0;1474124938;Got socket message: 
0;1474124938;WSMESSAGE;GET_NODES
0;1474124938;WebsocketSocketHandler got message: WSMESSAGE;GET_NODES
0;1474124938;Got socket message: 
0;1474124938;WSMESSAGE;GET_ACTIONS
0;1474124938;WebsocketSocketHandler got message: WSMESSAGE;GET_ACTIONS
0;1474124962;Got socket message: 
0;1474124962;WSMESSAGE;ADD_RULE;{"name":"","icon":"pic/delete.png","color":0,"condition":{},"effect":{"name":"action_","icon":"action_pic/delete.png","color":0,"subActions":[{"type":0,"node":1,"actor":0,"value":0,"timeout":0,"transition":false}]}}
0;1474124962;WebsocketSocketHandler got message: WSMESSAGE;ADD_RULE;{"name":"","icon":"pic/delete.png","color":0,"condition":{},"effect":{"name":"action_","icon":"action_pic/delete.png","color":0,"subActions":[{"type":0,"node":1,"actor":0,"value":0,"timeout":0,"transition":false}]}}
2;1474124962;(WebsocketSocketHandler) Got unknown message: WSMESSAGE;ADD_RULE;{"name":"","icon":"pic/delete.png","color":0,"condition":{},"effect":{"name":"action_","icon":"action_pic/delete.png","color":0,"subActions":[{"type":0,"node":1,"actor":0,"value":0,"timeout":0,"transition":false}]}}
2;1474124962;(WebsocketSocketHandler) Command: ADD_RULE
0;1474124963;Got socket message: 
0;1474124963;WSMESSAGE;GRCSWSMESSAGE;GRES
0;1474124963;WebsocketSocketHandler got message: WSMESSAGE;GRCSWSMESSAGE;GRES
2;1474124963;(WebsocketSocketHandler) Got unknown message: WSMESSAGE;GRCSWSMESSAGE;GRES
2;1474124963;(WebsocketSocketHandler) Command: GRCSWSMESSAGE
0;1474124963;Got socket message: 
0;1474124963;WSMESSAGE;GETRULES
0;1474124963;WebsocketSocketHandler got message: WSMESSAGE;GETRULES
0;1474125580;Got socket message: 
0;1474125580;WSMESSAGE;GRCS
0;1474125580;WebsocketSocketHandler got message: WSMESSAGE;GRCS
2;1474125580;(WebsocketSocketHandler) Got unknown message: WSMESSAGE;GRCS
2;1474125580;(WebsocketSocketHandler) Command: GRCS
0;1474125580;Got socket message: 
0;1474125580;WSMESSAGE;GRES
0;1474125580;WebsocketSocketHandler got message: WSMESSAGE;GRES
2;1474125580;(WebsocketSocketHandler) Got unknown message: WSMESSAGE;GRES
2;1474125580;(WebsocketSocketHandler) Command: GRES
0;1474125580;Got socket message: 
0;1474125580;WSMESSAGE;GETRULES
0;1474125580;WebsocketSocketHandler got message: WSMESSAGE;GETRULES
0;1474125581;Got socket message: 
0;1474125581;WSMESSAGE;GET_NODES
0;1474125581;WebsocketSocketHandler got message: WSMESSAGE;GET_NODES
0;1474125581;Got socket message: 
0;1474125581;WSMESSAGE;GET_ACTIONS
0;1474125581;WebsocketSocketHandler got message: WSMESSAGE;GET_ACTIONS
0;1474125642;Got socket message: 
0;1474125642;WSMESSAGE;GET_NODES
0;1474125642;WebsocketSocketHandler got message: WSMESSAGE;GET_NODES
0;1474125642;Got socket message: 
0;1474125642;WSMESSAGE;GET_ACTIONS
0;1474125642;WebsocketSocketHandler got message: WSMESSAGE;GET_ACTIONS
0;1474125693;Got socket message: 
0;1474125693;SHUTDOWN
1;1474125693;Got shutdown message
1;1474125693;(NodeCommunication)NodeCommunication thread shutting down
1;1474125924;Setup started.
1;1474125924;Opening database file: ../Python/files/data.db
1;1474125925;Database connection opened.
1;1474125925;Main loop started
1;1474125925;(NodeCommunication)NodeCommunication thread started
1;1474125925;(SocketCommunication)SocketCommunication thread started
0;1474125925;Got socket message: 
0;1474125925;PING
0;1474125925;Pong!
0;1474125925;Got socket message: 
0;1474125925;WSMESSAGE;GET_NODES
0;1474125925;WebsocketSocketHandler got message: WSMESSAGE;GET_NODES
0;1474125933;Got socket message: 
0;1474125933;WSMESSAGE;GET_NODES
0;1474125933;WebsocketSocketHandler got message: WSMESSAGE;GET_NODES
0;1474125933;Got socket message: 
0;1474125933;WSMESSAGE;GET_ACTIONS
0;1474125933;WebsocketSocketHandler got message: WSMESSAGE;GET_ACTIONS
0;1474126434;Got socket message: 
0;1474126434;WSMESSAGE;GET_NODES
0;1474126434;WebsocketSocketHandler got message: WSMESSAGE;GET_NODES
0;1474126434;Got socket message: 
0;1474126434;WSMESSAGE;GET_ACTIONS
0;1474126434;WebsocketSocketHandler got message: WSMESSAGE;GET_ACTIONS
0;1474126445;Got socket message: 
0;1474126445;WSMESSAGE;GET_NODES
0;1474126445;WebsocketSocketHandler got message: WSMESSAGE;GET_NODES
0;1474126445;Got socket message: 
0;1474126445;WSMESSAGE;GET_ACTIONS
0;1474126445;WebsocketSocketHandler got message: WSMESSAGE;GET_ACTIONS
0;1474127882;Got socket message: 
0;1474127882;SHUTDOWN
1;1474127882;Got shutdown message
1;1474127882;(NodeCommunication)NodeCommunication thread shutting down
1;1474129276;Setup started.
1;1474129276;Opening database file: ../Python/files/data.db
1;1474129276;Database connection opened.
1;1474129276;Main loop started
1;1474129276;(NodeCommunication)NodeCommunication thread started
1;1474129276;(SocketCommunication)SocketCommunication thread started
0;1474129276;Got socket message: 
0;1474129276;PING
0;1474129276;Pong!
0;1474129276;Got socket message: 
0;1474129276;WSMESSAGE;GET_NODES
0;1474129276;WebsocketSocketHandler got message: WSMESSAGE;GET_NODES
0;1474129279;Got socket message: 
0;1474129279;WSMESSAGE;GET_NODES
0;1474129279;WebsocketSocketHandler got message: WSMESSAGE;GET_NODES
0;1474129279;Got socket message: 
0;1474129279;WSMESSAGE;GET_ACTIONS
0;1474129279;WebsocketSocketHandler got message: WSMESSAGE;GET_ACTIONS
0;1474129296;Got socket message: 
0;1474129296;WSMESSAGE;GET_NODES
0;1474129296;WebsocketSocketHandler got message: WSMESSAGE;GET_NODES
0;1474129296;Got socket message: 
0;1474129296;WSMESSAGE;GET_ACTIONS
0;1474129296;WebsocketSocketHandler got message: WSMESSAGE;GET_ACTIONS
0;1474129348;Got socket message: 
0;1474129348;WSMESSAGE;GET_NODES
0;1474129348;WebsocketSocketHandler got message: WSMESSAGE;GET_NODES
0;1474129349;Got socket message: 
0;1474129349;WSMESSAGE;GET_ACTIONS
0;1474129349;WebsocketSocketHandler got message: WSMESSAGE;GET_ACTIONS
0;1474129463;Got socket message: 
0;1474129463;WSMESSAGE;GET_NODES
0;1474129463;WebsocketSocketHandler got message: WSMESSAGE;GET_NODES
0;1474129463;Got socket message: 
0;1474129463;WSMESSAGE;GET_ACTIONS
0;1474129463;WebsocketSocketHandler got message: WSMESSAGE;GET_ACTIONS
0;1474129486;Got socket message: 
0;1474129486;WSMESSAGE;GET_NODES
0;1474129486;WebsocketSocketHandler got message: WSMESSAGE;GET_NODES
0;1474129486;Got socket message: 
0;1474129486;WSMESSAGE;GET_ACTIONS
0;1474129486;WebsocketSocketHandler got message: WSMESSAGE;GET_ACTIONS
0;1474129513;Got socket message: 
0;1474129513;WSMESSAGE;GET_NODES
0;1474129513;WebsocketSocketHandler got message: WSMESSAGE;GET_NODES
0;1474129513;Got socket message: 
0;1474129513;WSMESSAGE;GET_ACTIONS
0;1474129513;WebsocketSocketHandler got message: WSMESSAGE;GET_ACTIONS
0;1474129627;Got socket message: 
0;1474129627;WSMESSAGE;GET_NODES
0;1474129627;WebsocketSocketHandler got message: WSMESSAGE;GET_NODES
0;1474129627;Got socket message: 
0;1474129627;WSMESSAGE;GET_ACTIONS
0;1474129627;WebsocketSocketHandler got message: WSMESSAGE;GET_ACTIONS
0;1474129647;Got socket message: 
0;1474129647;WSMESSAGE;GET_NODES
0;1474129647;WebsocketSocketHandler got message: WSMESSAGE;GET_NODES
0;1474129647;Got socket message: 
0;1474129647;WSMESSAGE;GET_ACTIONS
0;1474129647;WebsocketSocketHandler got message: WSMESSAGE;GET_ACTIONS
0;1474129668;Got socket message: 
0;1474129668;WSMESSAGE;GET_NODES
0;1474129668;WebsocketSocketHandler got message: WSMESSAGE;GET_NODES
0;1474129668;Got socket message: 
0;1474129668;WSMESSAGE;GET_ACTIONS
0;1474129668;WebsocketSocketHandler got message: WSMESSAGE;GET_ACTIONS
0;1474130075;Got socket message: 
0;1474130075;WSMESSAGE;GET_NODES
0;1474130075;WebsocketSocketHandler got message: WSMESSAGE;GET_NODES
0;1474130075;Got socket message: 
0;1474130075;WSMESSAGE;GET_ACTIONS
0;1474130075;WebsocketSocketHandler got message: WSMESSAGE;GET_ACTIONS
0;1474130193;Got socket message: 
0;1474130193;WSMESSAGE;GET_NODES
0;1474130193;WebsocketSocketHandler got message: WSMESSAGE;GET_NODES
0;1474130193;Got socket message: 
0;1474130193;WSMESSAGE;GET_ACTIONS
0;1474130193;WebsocketSocketHandler got message: WSMESSAGE;GET_ACTIONS
0;1474130216;Got socket message: 
0;1474130216;WSMESSAGE;GET_NODES
0;1474130216;WebsocketSocketHandler got message: WSMESSAGE;GET_NODES
0;1474130216;Got socket message: 
0;1474130216;WSMESSAGE;GET_ACTIONS
0;1474130216;WebsocketSocketHandler got message: WSMESSAGE;GET_ACTIONS
0;1474130258;Got socket message: 
0;1474130258;WSMESSAGE;GET_NODES
0;1474130258;WebsocketSocketHandler got message: WSMESSAGE;GET_NODES
0;1474130258;Got socket message: 
0;1474130258;WSMESSAGE;GET_ACTIONS
0;1474130258;WebsocketSocketHandler got message: WSMESSAGE;GET_ACTIONS
0;1474130327;Got socket message: 
0;1474130327;WSMESSAGE;GET_NODES
0;1474130327;WebsocketSocketHandler got message: WSMESSAGE;GET_NODES
0;1474130327;Got socket message: 
0;1474130327;WSMESSAGE;GET_ACTIONS
0;1474130327;WebsocketSocketHandler got message: WSMESSAGE;GET_ACTIONS
0;1474130384;Got socket message: 
0;1474130384;WSMESSAGE;GET_NODES
0;1474130384;WebsocketSocketHandler got message: WSMESSAGE;GET_NODES
0;1474130384;Got socket message: 
0;1474130384;WSMESSAGE;GET_ACTIONS
0;1474130384;WebsocketSocketHandler got message: WSMESSAGE;GET_ACTIONS
0;1474130404;Got socket message: 
0;1474130404;WSMESSAGE;GET_NODES
0;1474130404;WebsocketSocketHandler got message: WSMESSAGE;GET_NODES
0;1474130404;Got socket message: 
0;1474130404;WSMESSAGE;GET_ACTIONS
0;1474130404;WebsocketSocketHandler got message: WSMESSAGE;GET_ACTIONS
0;1474131695;Got socket message: 
0;1474131695;WSMESSAGE;GET_NODES
0;1474131695;WebsocketSocketHandler got message: WSMESSAGE;GET_NODES
0;1474131695;Got socket message: 
0;1474131695;WSMESSAGE;GET_ACTIONS
0;1474131695;WebsocketSocketHandler got message: WSMESSAGE;GET_ACTIONS
0;1474131761;Got socket message: 
0;1474131761;WSMESSAGE;GET_NODES
0;1474131761;WebsocketSocketHandler got message: WSMESSAGE;GET_NODES
0;1474131761;Got socket message: 
0;1474131761;WSMESSAGE;GET_ACTIONS
0;1474131761;WebsocketSocketHandler got message: WSMESSAGE;GET_ACTIONS
0;1474132918;Got socket message: 
0;1474132918;WSMESSAGE;GET_NODES
0;1474132918;WebsocketSocketHandler got message: WSMESSAGE;GET_NODES
0;1474132918;Got socket message: 
0;1474132918;WSMESSAGE;GET_ACTIONS
0;1474132918;WebsocketSocketHandler got message: WSMESSAGE;GET_ACTIONS
0;1474132937;Got socket message: 
0;1474132937;WSMESSAGE;GET_NODES
0;1474132937;WebsocketSocketHandler got message: WSMESSAGE;GET_NODES
0;1474132938;Got socket message: 
0;1474132938;WSMESSAGE;GET_ACTIONS
0;1474132938;WebsocketSocketHandler got message: WSMESSAGE;GET_ACTIONS
0;1474133275;Got socket message: 
0;1474133275;WSMESSAGE;ADD_RULE;{"name":"Test","icon":"pic/actions/lightbulb_off.png","color":0,"condition":{"type":2},"effect":{"name":"effect_Test","icon":"effect_pic/actions/lightbulb_off.png","color":0,"subActions":[{"type":2,"node":0,"actor":0,"value":"Hallo!","t
0;1474133275;WebsocketSocketHandler got message: WSMESSAGE;ADD_RULE;{"name":"Test","icon":"pic/actions/lightbulb_off.png","color":0,"condition":{"type":2},"effect":{"name":"effect_Test","icon":"effect_pic/actions/lightbulb_off.png","color":0,"subActions":[{"type":2,"node":0,"actor":0,"value":"Hallo!","t
2;1474133275;(WebsocketSocketHandler) Got unknown message: WSMESSAGE;ADD_RULE;{"name":"Test","icon":"pic/actions/lightbulb_off.png","color":0,"condition":{"type":2},"effect":{"name":"effect_Test","icon":"effect_pic/actions/lightbulb_off.png","color":0,"subActions":[{"type":2,"node":0,"actor":0,"value":"Hallo!","t
2;1474133275;(WebsocketSocketHandler) Command: ADD_RULE
0;1474133275;Got socket message: 
0;1474133275;imeout":0,"transition":false}]}}
0;1474133276;Got socket message: 
0;1474133276;WSMESSAGE;GRCS
0;1474133276;WebsocketSocketHandler got message: WSMESSAGE;GRCS
2;1474133276;(WebsocketSocketHandler) Got unknown message: WSMESSAGE;GRCS
2;1474133276;(WebsocketSocketHandler) Command: GRCS
0;1474133276;Got socket message: 
0;1474133276;WSMESSAGE;GRES
0;1474133276;WebsocketSocketHandler got message: WSMESSAGE;GRES
2;1474133276;(WebsocketSocketHandler) Got unknown message: WSMESSAGE;GRES
2;1474133276;(WebsocketSocketHandler) Command: GRES
0;1474133276;Got socket message: 
0;1474133276;WSMESSAGE;GETRULES
0;1474133276;WebsocketSocketHandler got message: WSMESSAGE;GETRULES
0;1474136222;Got socket message: 
0;1474136222;WSMESSAGE;GET_NODES
0;1474136222;WebsocketSocketHandler got message: WSMESSAGE;GET_NODES
0;1474136222;Got socket message: 
0;1474136222;WSMESSAGE;GET_ACTIONS
0;1474136222;WebsocketSocketHandler got message: WSMESSAGE;GET_ACTIONS
0;1474136224;Got socket message: 
0;1474136224;WSMESSAGE;GRCS
0;1474136224;WebsocketSocketHandler got message: WSMESSAGE;GRCS
2;1474136224;(WebsocketSocketHandler) Got unknown message: WSMESSAGE;GRCS
2;1474136224;(WebsocketSocketHandler) Command: GRCS
0;1474136224;Got socket message: 
0;1474136224;WSMESSAGE;GRES
0;1474136224;WebsocketSocketHandler got message: WSMESSAGE;GRES
2;1474136224;(WebsocketSocketHandler) Got unknown message: WSMESSAGE;GRES
2;1474136224;(WebsocketSocketHandler) Command: GRES
0;1474136224;Got socket message: 
0;1474136224;WSMESSAGE;GETRULES
0;1474136224;WebsocketSocketHandler got message: WSMESSAGE;GETRULES
0;1474136226;Got socket message: 
0;1474136226;WSMESSAGE;GET_NODES
0;1474136226;WebsocketSocketHandler got message: WSMESSAGE;GET_NODES
0;1474136226;Got socket message: 
0;1474136226;WSMESSAGE;GET_ACTIONS
0;1474136226;WebsocketSocketHandler got message: WSMESSAGE;GET_ACTIONS
0;1474137214;Got socket message: 
0;1474137214;WSMESSAGE;GET_NODES
0;1474137214;WebsocketSocketHandler got message: WSMESSAGE;GET_NODES
0;1474137215;Got socket message: 
0;1474137215;WSMESSAGE;GET_ACTIONS
0;1474137215;WebsocketSocketHandler got message: WSMESSAGE;GET_ACTIONS
0;1474138407;Got socket message: 
0;1474138407;WSMESSAGE;GET_NODES
0;1474138407;WebsocketSocketHandler got message: WSMESSAGE;GET_NODES
0;1474138407;Got socket message: 
0;1474138407;WSMESSAGE;GET_ACTIONS
0;1474138407;WebsocketSocketHandler got message: WSMESSAGE;GET_ACTIONS
0;1474138479;Got socket message: 
0;1474138479;WSMESSAGE;GET_NODES
0;1474138479;WebsocketSocketHandler got message: WSMESSAGE;GET_NODES
0;1474138479;Got socket message: 
0;1474138479;WSMESSAGE;GET_ACTIONS
0;1474138479;WebsocketSocketHandler got message: WSMESSAGE;GET_ACTIONS
0;1474138799;Got socket message: 
0;1474138799;WSMESSAGE;GET_NODES
0;1474138799;WebsocketSocketHandler got message: WSMESSAGE;GET_NODES
0;1474138799;Got socket message: 
0;1474138799;WSMESSAGE;GET_ACTIONS
0;1474138799;WebsocketSocketHandler got message: WSMESSAGE;GET_ACTIONS
0;1474138842;Got socket message: 
0;1474138842;WSMESSAGE;GET_NODES
0;1474138842;WebsocketSocketHandler got message: WSMESSAGE;GET_NODES
0;1474138842;Got socket message: 
0;1474138842;WSMESSAGE;GET_ACTIONS
0;1474138842;WebsocketSocketHandler got message: WSMESSAGE;GET_ACTIONS
0;1474138886;Got socket message: 
0;1474138886;WSMESSAGE;GET_NODES
0;1474138886;WebsocketSocketHandler got message: WSMESSAGE;GET_NODES
0;1474138886;Got socket message: 
0;1474138886;WSMESSAGE;GET_ACTIONS
0;1474138886;WebsocketSocketHandler got message: WSMESSAGE;GET_ACTIONS
0;1474139001;Got socket message: 
0;1474139001;WSMESSAGE;GET_NODES
0;1474139001;WebsocketSocketHandler got message: WSMESSAGE;GET_NODES
0;1474139001;Got socket message: 
0;1474139001;WSMESSAGE;GET_ACTIONS
0;1474139001;WebsocketSocketHandler got message: WSMESSAGE;GET_ACTIONS
0;1474139041;Got socket message: 
0;1474139041;WSMESSAGE;GET_NODES
0;1474139041;WebsocketSocketHandler got message: WSMESSAGE;GET_NODES
0;1474139041;Got socket message: 
0;1474139041;WSMESSAGE;GET_ACTIONS
0;1474139041;WebsocketSocketHandler got message: WSMESSAGE;GET_ACTIONS
0;1474139092;Got socket message: 
0;1474139092;WSMESSAGE;GET_NODES
0;1474139092;WebsocketSocketHandler got message: WSMESSAGE;GET_NODES
0;1474139092;Got socket message: 
0;1474139092;WSMESSAGE;GET_ACTIONS
0;1474139092;WebsocketSocketHandler got message: WSMESSAGE;GET_ACTIONS
0;1474139748;Got socket message: 
0;1474139748;WSMESSAGE;GET_NODES
0;1474139748;WebsocketSocketHandler got message: WSMESSAGE;GET_NODES
0;1474139748;Got socket message: 
0;1474139748;WSMESSAGE;GET_ACTIONS
0;1474139748;WebsocketSocketHandler got message: WSMESSAGE;GET_ACTIONS
0;1474139855;Got socket message: 
0;1474139855;WSMESSAGE;GET_NODES
0;1474139855;WebsocketSocketHandler got message: WSMESSAGE;GET_NODES
0;1474139855;Got socket message: 
0;1474139855;WSMESSAGE;GET_ACTIONS
0;1474139855;WebsocketSocketHandler got message: WSMESSAGE;GET_ACTIONS
0;1474141031;Got socket message: 
0;1474141031;WSMESSAGE;GET_NODES
0;1474141031;WebsocketSocketHandler got message: WSMESSAGE;GET_NODES
0;1474141031;Got socket message: 
0;1474141031;WSMESSAGE;GET_ACTIONS
0;1474141031;WebsocketSocketHandler got message: WSMESSAGE;GET_ACTIONS
0;1474141422;Got socket message: 
0;1474141422;WSMESSAGE;GET_NODES
0;1474141422;WebsocketSocketHandler got message: WSMESSAGE;GET_NODES
0;1474141423;Got socket message: 
0;1474141423;WSMESSAGE;GET_ACTIONS
0;1474141423;WebsocketSocketHandler got message: WSMESSAGE;GET_ACTIONS
0;1474141456;Got socket message: 
0;1474141456;WSMESSAGE;GET_NODES
0;1474141456;WebsocketSocketHandler got message: WSMESSAGE;GET_NODES
0;1474141456;Got socket message: 
0;1474141456;WSMESSAGE;GET_ACTIONS
0;1474141456;WebsocketSocketHandler got message: WSMESSAGE;GET_ACTIONS
0;1474142293;Got socket message: 
0;1474142293;WSMESSAGE;GET_NODES
0;1474142293;WebsocketSocketHandler got message: WSMESSAGE;GET_NODES
0;1474142293;Got socket message: 
0;1474142293;WSMESSAGE;GET_ACTIONS
0;1474142293;WebsocketSocketHandler got message: WSMESSAGE;GET_ACTIONS
0;1474142657;Got socket message: 
0;1474142657;WSMESSAGE;GET_NODES
0;1474142657;WebsocketSocketHandler got message: WSMESSAGE;GET_NODES
0;1474142657;Got socket message: 
0;1474142657;WSMESSAGE;GET_ACTIONS
0;1474142657;WebsocketSocketHandler got message: WSMESSAGE;GET_ACTIONS
0;1474142744;Got socket message: 
0;1474142744;WSMESSAGE;GET_NODES
0;1474142744;WebsocketSocketHandler got message: WSMESSAGE;GET_NODES
0;1474142744;Got socket message: 
0;1474142744;WSMESSAGE;GET_ACTIONS
0;1474142744;WebsocketSocketHandler got message: WSMESSAGE;GET_ACTIONS
0;1474142919;Got socket message: 
0;1474142919;WSMESSAGE;GET_NODES
0;1474142919;WebsocketSocketHandler got message: WSMESSAGE;GET_NODES
0;1474142919;Got socket message: 
0;1474142919;WSMESSAGE;GET_ACTIONS
0;1474142919;WebsocketSocketHandler got message: WSMESSAGE;GET_ACTIONS
0;1474143075;Got socket message: 
0;1474143075;WSMESSAGE;GET_NODES
0;1474143075;WebsocketSocketHandler got message: WSMESSAGE;GET_NODES
0;1474143075;Got socket message: 
0;1474143075;WSMESSAGE;GET_ACTIONS
0;1474143075;WebsocketSocketHandler got message: WSMESSAGE;GET_ACTIONS
0;1474143092;Got socket message: 
0;1474143092;WSMESSAGE;GET_NODES
0;1474143092;WebsocketSocketHandler got message: WSMESSAGE;GET_NODES
0;1474143092;Got socket message: 
0;1474143092;WSMESSAGE;GET_ACTIONS
0;1474143092;WebsocketSocketHandler got message: WSMESSAGE;GET_ACTIONS
0;1474143412;Got socket message: 
0;1474143412;WSMESSAGE;GET_NODES
0;1474143412;WebsocketSocketHandler got message: WSMESSAGE;GET_NODES
0;1474143413;Got socket message: 
0;1474143413;WSMESSAGE;GET_ACTIONS
0;1474143413;WebsocketSocketHandler got message: WSMESSAGE;GET_ACTIONS
0;1474143436;Got socket message: 
0;1474143436;WSMESSAGE;GET_NODES
0;1474143436;WebsocketSocketHandler got message: WSMESSAGE;GET_NODES
0;1474143436;Got socket message: 
0;1474143436;WSMESSAGE;GET_ACTIONS
0;1474143436;WebsocketSocketHandler got message: WSMESSAGE;GET_ACTIONS
0;1474143467;Got socket message: 
0;1474143467;WSMESSAGE;GET_NODES
0;1474143467;WebsocketSocketHandler got message: WSMESSAGE;GET_NODES
0;1474143467;Got socket message: 
0;1474143467;WSMESSAGE;GET_ACTIONS
0;1474143467;WebsocketSocketHandler got message: WSMESSAGE;GET_ACTIONS
0;1474143478;Got socket message: 
0;1474143478;WSMESSAGE;GET_NODES
0;1474143478;WebsocketSocketHandler got message: WSMESSAGE;GET_NODES
0;1474143478;Got socket message: 
0;1474143478;WSMESSAGE;GET_ACTIONS
0;1474143478;WebsocketSocketHandler got message: WSMESSAGE;GET_ACTIONS
0;1474143677;Got socket message: 
0;1474143677;WSMESSAGE;GET_NODES
0;1474143677;WebsocketSocketHandler got message: WSMESSAGE;GET_NODES
0;1474143677;Got socket message: 
0;1474143677;WSMESSAGE;GET_ACTIONS
0;1474143677;WebsocketSocketHandler got message: WSMESSAGE;GET_ACTIONS
0;1474144037;Got socket message: 
0;1474144037;WSMESSAGE;GET_NODES
0;1474144037;WebsocketSocketHandler got message: WSMESSAGE;GET_NODES
0;1474144037;Got socket message: 
0;1474144037;WSMESSAGE;GET_ACTIONS
0;1474144037;WebsocketSocketHandler got message: WSMESSAGE;GET_ACTIONS
0;1474144144;Got socket message: 
0;1474144144;WSMESSAGE;GET_NODES
0;1474144144;WebsocketSocketHandler got message: WSMESSAGE;GET_NODES
0;1474144144;Got socket message: 
0;1474144144;WSMESSAGE;GET_ACTIONS
0;1474144144;WebsocketSocketHandler got message: WSMESSAGE;GET_ACTIONS
0;1474144153;Got socket message: 
0;1474144153;WSMESSAGE;GET_NODES
0;1474144153;WebsocketSocketHandler got message: WSMESSAGE;GET_NODES
0;1474144153;Got socket message: 
0;1474144153;WSMESSAGE;GET_ACTIONS
0;1474144153;WebsocketSocketHandler got message: WSMESSAGE;GET_ACTIONS
0;1474144567;Got socket message: 
0;1474144567;WSMESSAGE;GET_NODES
0;1474144567;WebsocketSocketHandler got message: WSMESSAGE;GET_NODES
0;1474144567;Got socket message: 
0;1474144567;WSMESSAGE;GET_ACTIONS
0;1474144567;WebsocketSocketHandler got message: WSMESSAGE;GET_ACTIONS
0;1474145736;Got socket message: 
0;1474145736;WSMESSAGE;GET_NODES
0;1474145736;WebsocketSocketHandler got message: WSMESSAGE;GET_NODES
0;1474145736;Got socket message: 
0;1474145736;WSMESSAGE;GET_ACTIONS
0;1474145736;WebsocketSocketHandler got message: WSMESSAGE;GET_ACTIONS
0;1474146177;Got socket message: 
0;1474146177;WSMESSAGE;GET_NODES
0;1474146177;WebsocketSocketHandler got message: WSMESSAGE;GET_NODES
0;1474146177;Got socket message: 
0;1474146177;WSMESSAGE;GET_ACTIONS
0;1474146177;WebsocketSocketHandler got message: WSMESSAGE;GET_ACTIONS
0;1474146295;Got socket message: 
0;1474146295;WSMESSAGE;ADD_RULE;{"name":"Test","icon":"pic/delete.png","color":0,"condition":{"type":1,"v1":{"type":0,"v1":1},"v2":{"type":0,"v1":1}},"effect":{"name":"effect_Test","icon":"effect_pic/delete.png","color":0,"subActions":[{"type":2,"node":0,"actor":0,"va
0;1474146295;WebsocketSocketHandler got message: WSMESSAGE;ADD_RULE;{"name":"Test","icon":"pic/delete.png","color":0,"condition":{"type":1,"v1":{"type":0,"v1":1},"v2":{"type":0,"v1":1}},"effect":{"name":"effect_Test","icon":"effect_pic/delete.png","color":0,"subActions":[{"type":2,"node":0,"actor":0,"va
2;1474146295;(WebsocketSocketHandler) Got unknown message: WSMESSAGE;ADD_RULE;{"name":"Test","icon":"pic/delete.png","color":0,"condition":{"type":1,"v1":{"type":0,"v1":1},"v2":{"type":0,"v1":1}},"effect":{"name":"effect_Test","icon":"effect_pic/delete.png","color":0,"subActions":[{"type":2,"node":0,"actor":0,"va
2;1474146295;(WebsocketSocketHandler) Command: ADD_RULE
0;1474146295;Got socket message: 
0;1474146295;lue":"Das System funktioniert","timeout":0,"transition":false}]}}
0;1474146296;Got socket message: 
0;1474146296;WSMESSAGE;GRCS
0;1474146296;WebsocketSocketHandler got message: WSMESSAGE;GRCS
2;1474146296;(WebsocketSocketHandler) Got unknown message: WSMESSAGE;GRCS
2;1474146296;(WebsocketSocketHandler) Command: GRCS
0;1474146296;Got socket message: 
0;1474146296;WSMESSAGE;GRES
0;1474146296;WebsocketSocketHandler got message: WSMESSAGE;GRES
2;1474146296;(WebsocketSocketHandler) Got unknown message: WSMESSAGE;GRES
2;1474146296;(WebsocketSocketHandler) Command: GRES
0;1474146296;Got socket message: 
0;1474146296;WSMESSAGE;GETRULES
0;1474146296;WebsocketSocketHandler got message: WSMESSAGE;GETRULES
1;1474147065;Setup started.
1;1474147065;Opening database file: ../Python/files/data.db
1;1474147065;Database connection opened.
1;1474147065;Main loop started
1;1474147066;(NodeCommunication)NodeCommunication thread started
1;1474147066;(SocketCommunication)SocketCommunication thread started
0;1474147066;Got socket message: 
0;1474147066;PING
0;1474147066;Pong!
0;1474147066;Got socket message: 
0;1474147066;WSMESSAGE;GET_NODES
0;1474147066;WebsocketSocketHandler got message: WSMESSAGE;GET_NODES
0;1474147070;Got socket message: 
0;1474147070;WSMESSAGE;GRCS
0;1474147070;WebsocketSocketHandler got message: WSMESSAGE;GRCS
2;1474147070;(WebsocketSocketHandler) Got unknown message: WSMESSAGE;GRCS
2;1474147070;(WebsocketSocketHandler) Command: GRCS
0;1474147070;Got socket message: 
0;1474147070;WSMESSAGE;GRCS
0;1474147070;WebsocketSocketHandler got message: WSMESSAGE;GRCS
2;1474147070;(WebsocketSocketHandler) Got unknown message: WSMESSAGE;GRCS
2;1474147070;(WebsocketSocketHandler) Command: GRCS
0;1474147070;Got socket message: 
0;1474147070;WSMESSAGE;GRES
0;1474147070;WebsocketSocketHandler got message: WSMESSAGE;GRES
2;1474147070;(WebsocketSocketHandler) Got unknown message: WSMESSAGE;GRES
2;1474147071;(WebsocketSocketHandler) Command: GRES
0;1474147071;Got socket message: 
0;1474147071;WSMESSAGE;GRES
0;1474147071;WebsocketSocketHandler got message: WSMESSAGE;GRES
2;1474147071;(WebsocketSocketHandler) Got unknown message: WSMESSAGE;GRES
2;1474147071;(WebsocketSocketHandler) Command: GRES
0;1474147071;Got socket message: 
0;1474147071;WSMESSAGE;GETRULES
0;1474147071;WebsocketSocketHandler got message: WSMESSAGE;GETRULES
0;1474147071;Got socket message: 
0;1474147071;WSMESSAGE;GETRULES
0;1474147071;WebsocketSocketHandler got message: WSMESSAGE;GETRULES
0;1474147072;Got socket message: 
0;1474147072;WSMESSAGE;GET_NODES
0;1474147072;WebsocketSocketHandler got message: WSMESSAGE;GET_NODES
0;1474147072;Got socket message: 
0;1474147072;WSMESSAGE;GET_NODES
0;1474147072;WebsocketSocketHandler got message: WSMESSAGE;GET_NODES
0;1474147072;Got socket message: 
0;1474147072;WSMESSAGE;GET_ACTIONS
0;1474147072;WebsocketSocketHandler got message: WSMESSAGE;GET_ACTIONS
0;1474147072;Got socket message: 
0;1474147072;WSMESSAGE;GET_ACTIONS
0;1474147072;WebsocketSocketHandler got message: WSMESSAGE;GET_ACTIONS
0;1474147102;Got socket message: 
0;1474147102;WSMESSAGE;ADD_RULE;{"name":"Test","icon":"pic/delete.png","color":0,"condition":{"type":1,"v1":{"type":0,"v1":1},"v2":{"type":0,"v1":0},"cmp":1},"effect":{"name":"effect_Test","icon":"effect_pic/delete.png","color":0,"subActions":[{"type":2,"node":0,"acto
0;1474147102;WebsocketSocketHandler got message: WSMESSAGE;ADD_RULE;{"name":"Test","icon":"pic/delete.png","color":0,"condition":{"type":1,"v1":{"type":0,"v1":1},"v2":{"type":0,"v1":0},"cmp":1},"effect":{"name":"effect_Test","icon":"effect_pic/delete.png","color":0,"subActions":[{"type":2,"node":0,"acto
2;1474147102;(WebsocketSocketHandler) Got unknown message: WSMESSAGE;ADD_RULE;{"name":"Test","icon":"pic/delete.png","color":0,"condition":{"type":1,"v1":{"type":0,"v1":1},"v2":{"type":0,"v1":0},"cmp":1},"effect":{"name":"effect_Test","icon":"effect_pic/delete.png","color":0,"subActions":[{"type":2,"node":0,"acto
2;1474147102;(WebsocketSocketHandler) Command: ADD_RULE
0;1474147102;Got socket message: 
0;1474147102;r":0,"value":"Es geht!","timeout":0,"transition":false}]}}
0;1474147102;Got socket message: 
0;1474147102;WSMESSAGE;ADD_RULE;{"name":"Test","icon":"pic/delete.png","color":0,"condition":{"type":1,"v1":{"type":0,"v1":1},"v2":{"type":0,"v1":0},"cmp":1},"effect":{"name":"effect_Test","icon":"effect_pic/
0;1474147102;WebsocketSocketHandler got message: WSMESSAGE;ADD_RULE;{"name":"Test","icon":"pic/delete.png","color":0,"condition":{"type":1,"v1":{"type":0,"v1":1},"v2":{"type":0,"v1":0},"cmp":1},"effect":{"name":"effect_Test","icon":"effect_pic/
2;1474147102;(WebsocketSocketHandler) Got unknown message: WSMESSAGE;ADD_RULE;{"name":"Test","icon":"pic/delete.png","color":0,"condition":{"type":1,"v1":{"type":0,"v1":1},"v2":{"type":0,"v1":0},"cmp":1},"effect":{"name":"effect_Test","icon":"effect_pic/
2;1474147102;(WebsocketSocketHandler) Command: ADD_RULE
0;1474147102;Got socket message: 
0;1474147102;delete.png","color":0,"subActions":[{"type":2,"node":0,"actor":0,"value":"Es geht!","timeout":0,"transition":false}]}}
0;1474147103;Got socket message: 
0;1474147103;WSMESSAGE;GRCS
0;1474147103;WebsocketSocketHandler got message: WSMESSAGE;GRCS
2;1474147103;(WebsocketSocketHandler) Got unknown message: WSMESSAGE;GRCS
2;1474147103;(WebsocketSocketHandler) Command: GRCS
0;1474147103;Got socket message: 
0;1474147103;WSMESSAGE;GRCS
0;1474147103;WebsocketSocketHandler got message: WSMESSAGE;GRCS
2;1474147103;(WebsocketSocketHandler) Got unknown message: WSMESSAGE;GRCS
2;1474147103;(WebsocketSocketHandler) Command: GRCS
0;1474147103;Got socket message: 
0;1474147103;WSMESSAGE;GRES
0;1474147103;WebsocketSocketHandler got message: WSMESSAGE;GRES
2;1474147103;(WebsocketSocketHandler) Got unknown message: WSMESSAGE;GRES
2;1474147103;(WebsocketSocketHandler) Command: GRES
0;1474147103;Got socket message: 
0;1474147103;WSMESSAGE;GRES
0;1474147103;WebsocketSocketHandler got message: WSMESSAGE;GRES
2;1474147103;(WebsocketSocketHandler) Got unknown message: WSMESSAGE;GRES
2;1474147103;(WebsocketSocketHandler) Command: GRES
0;1474147103;Got socket message: 
0;1474147103;WSMESSAGE;GETRULES
0;1474147103;WebsocketSocketHandler got message: WSMESSAGE;GETRULES
0;1474147103;Got socket message: 
0;1474147103;WSMESSAGE;GETRULES
0;1474147103;WebsocketSocketHandler got message: WSMESSAGE;GETRULES
0;1474147713;Got socket message: 
0;1474147713;SHUTDOWN
1;1474147713;Got shutdown message
1;1474147714;(NodeCommunication)NodeCommunication thread shutting down
1;1474148418;Setup started.
1;1474148418;Opening database file: ../Python/files/data.db
1;1474148418;Database connection opened.
1;1474148418;Main loop started
1;1474148418;(NodeCommunication)NodeCommunication thread started
1;1474148418;(SocketCommunication)SocketCommunication thread started
0;1474148418;Got socket message: 
0;1474148418;PING
0;1474148418;Pong!
0;1474148418;Got socket message: 
0;1474148418;WSMESSAGE;GET_NODES
0;1474148418;WebsocketSocketHandler got message: WSMESSAGE;GET_NODES
0;1474148423;Got socket message: 
0;1474148423;WSMESSAGE;GRCS
0;1474148423;WebsocketSocketHandler got message: WSMESSAGE;GRCS
2;1474148423;(WebsocketSocketHandler) Got unknown message: WSMESSAGE;GRCS
2;1474148423;(WebsocketSocketHandler) Command: GRCS
0;1474148423;Got socket message: 
0;1474148423;WSMESSAGE;GRCS
0;1474148423;WebsocketSocketHandler got message: WSMESSAGE;GRCS
2;1474148423;(WebsocketSocketHandler) Got unknown message: WSMESSAGE;GRCS
2;1474148423;(WebsocketSocketHandler) Command: GRCS
0;1474148423;Got socket message: 
0;1474148423;WSMESSAGE;GRES
0;1474148423;WebsocketSocketHandler got message: WSMESSAGE;GRES
2;1474148423;(WebsocketSocketHandler) Got unknown message: WSMESSAGE;GRES
2;1474148423;(WebsocketSocketHandler) Command: GRES
0;1474148423;Got socket message: 
0;1474148423;WSMESSAGE;GRES
0;1474148423;WebsocketSocketHandler got message: WSMESSAGE;GRES
2;1474148423;(WebsocketSocketHandler) Got unknown message: WSMESSAGE;GRES
2;1474148423;(WebsocketSocketHandler) Command: GRES
0;1474148423;Got socket message: 
0;1474148423;WSMESSAGE;GETRULES
0;1474148423;WebsocketSocketHandler got message: WSMESSAGE;GETRULES
0;1474148423;Got socket message: 
0;1474148423;WSMESSAGE;GETRULES
0;1474148423;WebsocketSocketHandler got message: WSMESSAGE;GETRULES
0;1474148424;Got socket message: 
0;1474148424;WSMESSAGE;GET_NODES
0;1474148424;WebsocketSocketHandler got message: WSMESSAGE;GET_NODES
0;1474148424;Got socket message: 
0;1474148424;WSMESSAGE;GET_NODES
0;1474148424;WebsocketSocketHandler got message: WSMESSAGE;GET_NODES
0;1474148424;Got socket message: 
0;1474148424;WSMESSAGE;GET_ACTIONS
0;1474148424;WebsocketSocketHandler got message: WSMESSAGE;GET_ACTIONS
0;1474148424;Got socket message: 
0;1474148424;WSMESSAGE;GET_ACTIONS
0;1474148424;WebsocketSocketHandler got message: WSMESSAGE;GET_ACTIONS
0;1474148449;Got socket message: 
0;1474148449;,"actor":0,"value":"Es geht!","timeout":0,"transition":false}]}}
0;1474148449;Got socket message: 
0;1474148449;_pic/delete.png","color":16777215,"subActions":[{"type":2,"node":0,"actor":0,"value":"Es geht!","timeout":0,"transition":false}]}}
0;1474148450;Got socket message: 
0;1474148450;WSMESSAGE;GRCS
0;1474148450;WebsocketSocketHandler got message: WSMESSAGE;GRCS
2;1474148450;(WebsocketSocketHandler) Got unknown message: WSMESSAGE;GRCS
2;1474148450;(WebsocketSocketHandler) Command: GRCS
0;1474148450;Got socket message: 
0;1474148450;WSMESSAGE;GRCS
0;1474148450;WebsocketSocketHandler got message: WSMESSAGE;GRCS
2;1474148450;(WebsocketSocketHandler) Got unknown message: WSMESSAGE;GRCS
2;1474148450;(WebsocketSocketHandler) Command: GRCS
0;1474148450;Got socket message: 
0;1474148450;WSMESSAGE;GRES
0;1474148450;WebsocketSocketHandler got message: WSMESSAGE;GRES
2;1474148450;(WebsocketSocketHandler) Got unknown message: WSMESSAGE;GRES
2;1474148450;(WebsocketSocketHandler) Command: GRES
0;1474148450;Got socket message: 
0;1474148450;WSMESSAGE;GRES
0;1474148450;WebsocketSocketHandler got message: WSMESSAGE;GRES
2;1474148450;(WebsocketSocketHandler) Got unknown message: WSMESSAGE;GRES
2;1474148450;(WebsocketSocketHandler) Command: GRES
0;1474148450;Got socket message: 
0;1474148450;WSMESSAGE;GETRULES
0;1474148450;WebsocketSocketHandler got message: WSMESSAGE;GETRULES
0;1474148450;Got socket message: 
0;1474148450;WSMESSAGE;GETRULES
0;1474148450;WebsocketSocketHandler got message: WSMESSAGE;GETRULES
0;1474148539;Got socket message: 
0;1474148539;SHUTDOWN
1;1474148539;Got shutdown message
1;1474148539;(NodeCommunication)NodeCommunication thread shutting down
1;1474148615;Setup started.
1;1474148615;Opening database file: ../Python/files/data.db
1;1474148615;Database connection opened.
1;1474148615;Main loop started
1;1474148615;(NodeCommunication)NodeCommunication thread started
1;1474148615;(SocketCommunication)SocketCommunication thread started
0;1474148615;Got socket message: 
0;1474148615;PING
0;1474148615;Pong!
0;1474148615;Got socket message: 
0;1474148615;WSMESSAGE;GET_NODES
0;1474148615;WebsocketSocketHandler got message: WSMESSAGE;GET_NODES
0;1474148618;Got socket message: 
0;1474148618;WSMESSAGE;GET_NODES
0;1474148618;WebsocketSocketHandler got message: WSMESSAGE;GET_NODES
0;1474148618;Got socket message: 
0;1474148618;WSMESSAGE;GET_NODES
0;1474148618;WebsocketSocketHandler got message: WSMESSAGE;GET_NODES
0;1474148618;Got socket message: 
0;1474148618;WSMESSAGE;GET_ACTIONS
0;1474148618;WebsocketSocketHandler got message: WSMESSAGE;GET_ACTIONS
0;1474148618;Got socket message: 
0;1474148618;WSMESSAGE;GET_ACTIONS
0;1474148618;WebsocketSocketHandler got message: WSMESSAGE;GET_ACTIONS
0;1474148638;Got socket message: 
0;1474148638;,"actor":0,"value":"asdf","timeout":0,"transition":false}]}}
0;1474148638;Got socket message: 
0;1474148638;/delete.png","color":16777215,"subActions":[{"type":2,"node":0,"actor":0,"value":"asdf","timeout":0,"transition":false}]}}
0;1474148639;Got socket message: 
0;1474148639;WSMESSAGE;GRCS
0;1474148639;WebsocketSocketHandler got message: WSMESSAGE;GRCS
2;1474148639;(WebsocketSocketHandler) Got unknown message: WSMESSAGE;GRCS
2;1474148639;(WebsocketSocketHandler) Command: GRCS
0;1474148639;Got socket message: 
0;1474148639;WSMESSAGE;GRCS
0;1474148639;WebsocketSocketHandler got message: WSMESSAGE;GRCS
2;1474148639;(WebsocketSocketHandler) Got unknown message: WSMESSAGE;GRCS
2;1474148639;(WebsocketSocketHandler) Command: GRCS
0;1474148639;Got socket message: 
0;1474148639;WSMESSAGE;GRES
0;1474148639;WebsocketSocketHandler got message: WSMESSAGE;GRES
2;1474148639;(WebsocketSocketHandler) Got unknown message: WSMESSAGE;GRES
2;1474148639;(WebsocketSocketHandler) Command: GRES
0;1474148639;Got socket message: 
0;1474148639;WSMESSAGE;GRES
0;1474148639;WebsocketSocketHandler got message: WSMESSAGE;GRES
2;1474148639;(WebsocketSocketHandler) Got unknown message: WSMESSAGE;GRES
2;1474148639;(WebsocketSocketHandler) Command: GRES
0;1474148639;Got socket message: 
0;1474148639;WSMESSAGE;GETRULES
0;1474148639;WebsocketSocketHandler got message: WSMESSAGE;GETRULES
0;1474148639;Got socket message: 
0;1474148639;WSMESSAGE;GETRULES
0;1474148639;WebsocketSocketHandler got message: WSMESSAGE;GETRULES
0;1474148845;Got socket message: 
0;1474148845;SHUTDOWN
1;1474148845;Got shutdown message
1;1474148845;(NodeCommunication)NodeCommunication thread shutting down
1;1474148897;Setup started.
1;1474148897;Opening database file: ../Python/files/data.db
1;1474148897;Database connection opened.
1;1474148897;Main loop started
1;1474148897;(NodeCommunication)NodeCommunication thread started
1;1474148897;(SocketCommunication)SocketCommunication thread started
0;1474148897;Got socket message: 
0;1474148897;PING
0;1474148897;Pong!
0;1474148897;Got socket message: 
0;1474148897;WSMESSAGE;GET_NODES
0;1474148897;WebsocketSocketHandler got message: WSMESSAGE;GET_NODES
0;1474148899;Got socket message: 
0;1474148899;WSMESSAGE;GET_NODES
0;1474148899;WebsocketSocketHandler got message: WSMESSAGE;GET_NODES
0;1474148899;Got socket message: 
0;1474148899;WSMESSAGE;GET_NODES
0;1474148899;WebsocketSocketHandler got message: WSMESSAGE;GET_NODES
0;1474148899;Got socket message: 
0;1474148899;WSMESSAGE;GET_ACTIONS
0;1474148899;WebsocketSocketHandler got message: WSMESSAGE;GET_ACTIONS
0;1474148899;Got socket message: 
0;1474148899;WSMESSAGE;GET_ACTIONS
0;1474148899;WebsocketSocketHandler got message: WSMESSAGE;GET_ACTIONS
0;1474148916;Got socket message: 
0;1474148916;WSMESSAGE;ADD_RULE;{"name":"asf","icon":"pic/delete.png","color":16777215,"condition":{"type":1,"v1":{"type":0,"v1":1},"v2":{"type":0,"v1":1}},"effect":{"name":"effect_asf","icon":"effect_pic/delete.png","color":16777215,"subActions":[{"type":2,"node":0,"actor":0,"value":"asdf","timeout":0,"transition":false}]}}
0;1474148916;WebsocketSocketHandler got message: WSMESSAGE;ADD_RULE;{"name":"asf","icon":"pic/delete.png","color":16777215,"condition":{"type":1,"v1":{"type":0,"v1":1},"v2":{"type":0,"v1":1}},"effect":{"name":"effect_asf","icon":"effect_pic/delete.png","color":16777215,"subActions":[{"type":2,"node":0,"actor":0,"value":"asdf","timeout":0,"transition":false}]}}
2;1474148916;(WebsocketSocketHandler) Got unknown message: WSMESSAGE;ADD_RULE;{"name":"asf","icon":"pic/delete.png","color":16777215,"condition":{"type":1,"v1":{"type":0,"v1":1},"v2":{"type":0,"v1":1}},"effect":{"name":"effect_asf","icon":"effect_pic/delete.png","color":16777215,"subActions":[{"type":2,"node":0,"actor":0,"value":"asdf","timeout":0,"transition":false}]}}
2;1474148916;(WebsocketSocketHandler) Command: ADD_RULE
0;1474148916;Got socket message: 
0;1474148916;WSMESSAGE;ADD_RULE;{"name":"asf","icon":"pic/delete.png","color":16777215,"condition":{"type":1,"v1":{"type":0,"v1":1},"v2":{"type":0,"v1":1}},"effect":{"name":"effect_asf","icon":"effect_pic/delete.png","color":16777215,"subActions":[{"type":2,"node":0,"actor":0,"value":"asdf","timeout":0,"transition":false}]}}
0;1474148916;WebsocketSocketHandler got message: WSMESSAGE;ADD_RULE;{"name":"asf","icon":"pic/delete.png","color":16777215,"condition":{"type":1,"v1":{"type":0,"v1":1},"v2":{"type":0,"v1":1}},"effect":{"name":"effect_asf","icon":"effect_pic/delete.png","color":16777215,"subActions":[{"type":2,"node":0,"actor":0,"value":"asdf","timeout":0,"transition":false}]}}
2;1474148916;(WebsocketSocketHandler) Got unknown message: WSMESSAGE;ADD_RULE;{"name":"asf","icon":"pic/delete.png","color":16777215,"condition":{"type":1,"v1":{"type":0,"v1":1},"v2":{"type":0,"v1":1}},"effect":{"name":"effect_asf","icon":"effect_pic/delete.png","color":16777215,"subActions":[{"type":2,"node":0,"actor":0,"value":"asdf","timeout":0,"transition":false}]}}
2;1474148916;(WebsocketSocketHandler) Command: ADD_RULE
0;1474148917;Got socket message: 
0;1474148917;WSMESSAGE;GRCS
0;1474148917;WebsocketSocketHandler got message: WSMESSAGE;GRCS
2;1474148917;(WebsocketSocketHandler) Got unknown message: WSMESSAGE;GRCS
2;1474148917;(WebsocketSocketHandler) Command: GRCS
0;1474148917;Got socket message: 
0;1474148917;WSMESSAGE;GRCS
0;1474148917;WebsocketSocketHandler got message: WSMESSAGE;GRCS
2;1474148917;(WebsocketSocketHandler) Got unknown message: WSMESSAGE;GRCS
2;1474148917;(WebsocketSocketHandler) Command: GRCS
0;1474148917;Got socket message: 
0;1474148917;WSMESSAGE;GRES
0;1474148917;WebsocketSocketHandler got message: WSMESSAGE;GRES
2;1474148917;(WebsocketSocketHandler) Got unknown message: WSMESSAGE;GRES
2;1474148917;(WebsocketSocketHandler) Command: GRES
0;1474148917;Got socket message: 
0;1474148917;WSMESSAGE;GRES
0;1474148917;WebsocketSocketHandler got message: WSMESSAGE;GRES
2;1474148917;(WebsocketSocketHandler) Got unknown message: WSMESSAGE;GRES
2;1474148917;(WebsocketSocketHandler) Command: GRES
0;1474148917;Got socket message: 
0;1474148917;WSMESSAGE;GETRULES
0;1474148917;WebsocketSocketHandler got message: WSMESSAGE;GETRULES
0;1474148917;Got socket message: 
0;1474148917;WSMESSAGE;GETRULES
0;1474148917;WebsocketSocketHandler got message: WSMESSAGE;GETRULES
0;1474149027;Got socket message: 
0;1474149027;SHUTDOWN
1;1474149027;Got shutdown message
1;1474149027;(NodeCommunication)NodeCommunication thread shutting down
