1;1474653935;Setup started.
1;1474653935;Opening database file: ../Python/files/data.db
1;1474653935;Database connection opened.
1;1474653935;Main loop started
1;1474653935;(NodeCommunication)NodeCommunication thread started
1;1474653935;(SocketCommunication)SocketCommunication thread started
0;1474653935;Got socket message: 
0;1474653935;PING
0;1474653935;Pong!
0;1474653935;Got socket message: 
0;1474653935;WSMESSAGE;GET_NODES
0;1474653935;WebsocketSocketHandler got message: WSMESSAGE;GET_NODES
0;1474653967;Got socket message: 
0;1474653967;WSMESSAGE;GRCS
0;1474653967;WebsocketSocketHandler got message: WSMESSAGE;GRCS
2;1474653967;(WebsocketSocketHandler) Got unknown message: WSMESSAGE;GRCS
2;1474653967;(WebsocketSocketHandler) Command: GRCS
0;1474653967;Got socket message: 
0;1474653967;WSMESSAGE;GRCS
0;1474653967;WebsocketSocketHandler got message: WSMESSAGE;GRCS
2;1474653967;(WebsocketSocketHandler) Got unknown message: WSMESSAGE;GRCS
2;1474653967;(WebsocketSocketHandler) Command: GRCS
0;1474653967;Got socket message: 
0;1474653967;WSMESSAGE;GRES
0;1474653967;WebsocketSocketHandler got message: WSMESSAGE;GRES
2;1474653967;(WebsocketSocketHandler) Got unknown message: WSMESSAGE;GRES
2;1474653967;(WebsocketSocketHandler) Command: GRES
0;1474653967;Got socket message: 
0;1474653967;WSMESSAGE;GRES
0;1474653967;WebsocketSocketHandler got message: WSMESSAGE;GRES
2;1474653967;(WebsocketSocketHandler) Got unknown message: WSMESSAGE;GRES
2;1474653967;(WebsocketSocketHandler) Command: GRES
0;1474653967;Got socket message: 
0;1474653967;WSMESSAGE;GETRULES
0;1474653967;WebsocketSocketHandler got message: WSMESSAGE;GETRULES
0;1474653967;Got socket message: 
0;1474653967;WSMESSAGE;GETRULES
0;1474653967;WebsocketSocketHandler got message: WSMESSAGE;GETRULES
0;1474653969;Got socket message: 
0;1474653969;WSMESSAGE;GET_NODES
0;1474653969;WebsocketSocketHandler got message: WSMESSAGE;GET_NODES
0;1474653969;Got socket message: 
0;1474653969;WSMESSAGE;GET_NODES
0;1474653969;WebsocketSocketHandler got message: WSMESSAGE;GET_NODES
0;1474653969;Got socket message: 
0;1474653969;WSMESSAGE;GET_ACTIONS
0;1474653969;WebsocketSocketHandler got message: WSMESSAGE;GET_ACTIONS
0;1474653969;Got socket message: 
0;1474653969;WSMESSAGE;GET_ACTIONS
0;1474653969;WebsocketSocketHandler got message: WSMESSAGE;GET_ACTIONS
0;1474654023;Got socket message: 
0;1474654023;WSMESSAGE;ADD_RULE;{"name":"Test Regel","icon":"pic/actions/lightbulb_on.png","color":16777215,"condition":{"type":1,"v1":{"type":0,"v1":1},"v2":{"type":0,"v1":1}},"effect":{"name":"effect_Test Regel","icon":"effect_pic/actions/lightbulb_on.png","color":16777215,"subActions":[{"type":2,"node":0,"actor":0,"value":"Es funktioniert!","timeout":0,"transition":false}]}}
0;1474654023;WebsocketSocketHandler got message: WSMESSAGE;ADD_RULE;{"name":"Test Regel","icon":"pic/actions/lightbulb_on.png","color":16777215,"condition":{"type":1,"v1":{"type":0,"v1":1},"v2":{"type":0,"v1":1}},"effect":{"name":"effect_Test Regel","icon":"effect_pic/actions/lightbulb_on.png","color":16777215,"subActions":[{"type":2,"node":0,"actor":0,"value":"Es funktioniert!","timeout":0,"transition":false}]}}
0;1474654023;Got socket message: 
0;1474654023;WSMESSAGE;ADD_RULE;{"name":"Test Regel","icon":"pic/actions/lightbulb_on.png","color":16777215,"condition":{"type":1,"v1":{"type":0,"v1":1},"v2":{"type":0,"v1":1}},"effect":{"name":"effect_Test Regel","icon":"effect_pic/actions/lightbulb_on.png","color":16777215,"subActions":[{"type":2,"node":0,"actor":0,"value":"Es funktioniert!","timeout":0,"transition":false}]}}
0;1474654023;WebsocketSocketHandler got message: WSMESSAGE;ADD_RULE;{"name":"Test Regel","icon":"pic/actions/lightbulb_on.png","color":16777215,"condition":{"type":1,"v1":{"type":0,"v1":1},"v2":{"type":0,"v1":1}},"effect":{"name":"effect_Test Regel","icon":"effect_pic/actions/lightbulb_on.png","color":16777215,"subActions":[{"type":2,"node":0,"actor":0,"value":"Es funktioniert!","timeout":0,"transition":false}]}}
0;1474654024;Got socket message: 
0;1474654024;WSMESSAGE;GRCS
0;1474654024;WebsocketSocketHandler got message: WSMESSAGE;GRCS
2;1474654024;(WebsocketSocketHandler) Got unknown message: WSMESSAGE;GRCS
2;1474654024;(WebsocketSocketHandler) Command: GRCS
0;1474654024;Got socket message: 
0;1474654024;WSMESSAGE;GRCS
0;1474654024;WebsocketSocketHandler got message: WSMESSAGE;GRCS
2;1474654024;(WebsocketSocketHandler) Got unknown message: WSMESSAGE;GRCS
2;1474654024;(WebsocketSocketHandler) Command: GRCS
0;1474654024;Got socket message: 
0;1474654024;WSMESSAGE;GRES
0;1474654024;WebsocketSocketHandler got message: WSMESSAGE;GRES
2;1474654024;(WebsocketSocketHandler) Got unknown message: WSMESSAGE;GRES
2;1474654024;(WebsocketSocketHandler) Command: GRES
0;1474654024;Got socket message: 
0;1474654024;WSMESSAGE;GRES
0;1474654024;WebsocketSocketHandler got message: WSMESSAGE;GRES
2;1474654024;(WebsocketSocketHandler) Got unknown message: WSMESSAGE;GRES
2;1474654024;(WebsocketSocketHandler) Command: GRES
0;1474654024;Got socket message: 
0;1474654024;WSMESSAGE;GETRULES
0;1474654024;WebsocketSocketHandler got message: WSMESSAGE;GETRULES
0;1474654024;Got socket message: 
0;1474654024;WSMESSAGE;GETRULES
0;1474654024;WebsocketSocketHandler got message: WSMESSAGE;GETRULES
0;1474654127;Got socket message: 
0;1474654127;SHUTDOWN
1;1474654127;Got shutdown message
1;1474654127;(NodeCommunication)NodeCommunication thread shutting down
1;1474654335;Setup started.
1;1474654335;Opening database file: ../Python/files/data.db
1;1474654335;Database connection opened.
1;1474654335;Main loop started
1;1474654335;(NodeCommunication)NodeCommunication thread started
1;1474654335;(SocketCommunication)SocketCommunication thread started
0;1474654335;Got socket message: 
0;1474654335;PING
0;1474654335;Pong!
0;1474654335;Got socket message: 
0;1474654335;WSMESSAGE;GET_NODES
0;1474654335;WebsocketSocketHandler got message: WSMESSAGE;GET_NODES
0;1474654337;Got socket message: 
0;1474654337;SHUTDOWN
1;1474654337;Got shutdown message
1;1474654337;(NodeCommunication)NodeCommunication thread shutting down
1;1474655476;Setup started.
1;1474655476;Opening database file: ../Python/files/data.db
1;1474655476;Database connection opened.
1;1474655476;Main loop started
1;1474655476;(NodeCommunication)NodeCommunication thread started
1;1474655476;(SocketCommunication)SocketCommunication thread started
0;1474655476;Got socket message: 
0;1474655476;PING
0;1474655476;Pong!
0;1474655476;Got socket message: 
0;1474655476;WSMESSAGE;GET_NODES
0;1474655476;WebsocketSocketHandler got message: WSMESSAGE;GET_NODES
0;1474655481;Got socket message: 
0;1474655481;WSMESSAGE;GRCS
0;1474655481;WebsocketSocketHandler got message: WSMESSAGE;GRCS
2;1474655481;(WebsocketSocketHandler) Got unknown message: WSMESSAGE;GRCS
2;1474655481;(WebsocketSocketHandler) Command: GRCS
0;1474655481;Got socket message: 
0;1474655481;WSMESSAGE;GRCS
0;1474655481;WebsocketSocketHandler got message: WSMESSAGE;GRCS
2;1474655481;(WebsocketSocketHandler) Got unknown message: WSMESSAGE;GRCS
2;1474655481;(WebsocketSocketHandler) Command: GRCS
0;1474655482;Got socket message: 
0;1474655482;WSMESSAGE;GRES
0;1474655482;WebsocketSocketHandler got message: WSMESSAGE;GRES
2;1474655482;(WebsocketSocketHandler) Got unknown message: WSMESSAGE;GRES
2;1474655482;(WebsocketSocketHandler) Command: GRES
0;1474655482;Got socket message: 
0;1474655482;WSMESSAGE;GRES
0;1474655482;WebsocketSocketHandler got message: WSMESSAGE;GRES
2;1474655482;(WebsocketSocketHandler) Got unknown message: WSMESSAGE;GRES
2;1474655482;(WebsocketSocketHandler) Command: GRES
0;1474655482;Got socket message: 
0;1474655482;WSMESSAGE;GET_RULES
0;1474655482;WebsocketSocketHandler got message: WSMESSAGE;GET_RULES
0;1474655482;Got socket message: 
0;1474655482;WSMESSAGE;GET_RULES
0;1474655482;WebsocketSocketHandler got message: WSMESSAGE;GET_RULES
0;1474655486;Got socket message: 
0;1474655486;WSMESSAGE;GET_NODES
0;1474655486;WebsocketSocketHandler got message: WSMESSAGE;GET_NODES
0;1474655486;Got socket message: 
0;1474655486;WSMESSAGE;GET_NODES
0;1474655486;WebsocketSocketHandler got message: WSMESSAGE;GET_NODES
0;1474655486;Got socket message: 
0;1474655486;WSMESSAGE;GET_ACTIONS
0;1474655486;WebsocketSocketHandler got message: WSMESSAGE;GET_ACTIONS
0;1474655486;Got socket message: 
0;1474655486;WSMESSAGE;GET_ACTIONS
0;1474655486;WebsocketSocketHandler got message: WSMESSAGE;GET_ACTIONS
0;1474655526;Got socket message: 
0;1474655526;WSMESSAGE;ADD_RULE;{"name":"Test","icon":"pic/actions/lightbulb_on.png","color":16777215,"condition":{"type":1,"v1":{"type":0,"v1":1},"v2":{"type":0,"v1":1}},"effect":{"name":"effect_Test","icon":"effect_pic/actions/lightbulb_on.png","color":16777215,"subActions":[{"type":2,"node":0,"actor":0,"value":"Es funktioniert!","timeout":0,"transition":false}]}}
0;1474655526;WebsocketSocketHandler got message: WSMESSAGE;ADD_RULE;{"name":"Test","icon":"pic/actions/lightbulb_on.png","color":16777215,"condition":{"type":1,"v1":{"type":0,"v1":1},"v2":{"type":0,"v1":1}},"effect":{"name":"effect_Test","icon":"effect_pic/actions/lightbulb_on.png","color":16777215,"subActions":[{"type":2,"node":0,"actor":0,"value":"Es funktioniert!","timeout":0,"transition":false}]}}
3;1474655526;SQLite prepare failed in DBStatement constructor: 7 values for 6 columns
3;1474655526;Exception in DBHandler::AddAction(): SQLite prepare failed in DBStatement constructor: 7 values for 6 columns
0;1474655526;Got socket message: 
0;1474655526;WSMESSAGE;ADD_RULE;{"name":"Test","icon":"pic/actions/lightbulb_on.png","color":16777215,"condition":{"type":1,"v1":{"type":0,"v1":1},"v2":{"type":0,"v1":1}},"effect":{"name":"effect_Test","icon":"effect_pic/actions/lightbulb_on.png","color":16777215,"subActions":[{"type":2,"node":0,"actor":0,"value":"Es funktioniert!","timeout":0,"transition":false}]}}
0;1474655526;WebsocketSocketHandler got message: WSMESSAGE;ADD_RULE;{"name":"Test","icon":"pic/actions/lightbulb_on.png","color":16777215,"condition":{"type":1,"v1":{"type":0,"v1":1},"v2":{"type":0,"v1":1}},"effect":{"name":"effect_Test","icon":"effect_pic/actions/lightbulb_on.png","color":16777215,"subActions":[{"type":2,"node":0,"actor":0,"value":"Es funktioniert!","timeout":0,"transition":false}]}}
3;1474655526;SQLite prepare failed in DBStatement constructor: 7 values for 6 columns
3;1474655526;Exception in DBHandler::AddAction(): SQLite prepare failed in DBStatement constructor: 7 values for 6 columns
0;1474655527;Got socket message: 
0;1474655527;WSMESSAGE;GRCS
0;1474655527;WebsocketSocketHandler got message: WSMESSAGE;GRCS
2;1474655527;(WebsocketSocketHandler) Got unknown message: WSMESSAGE;GRCS
2;1474655527;(WebsocketSocketHandler) Command: GRCS
0;1474655527;Got socket message: 
0;1474655527;WSMESSAGE;GRCS
0;1474655527;WebsocketSocketHandler got message: WSMESSAGE;GRCS
2;1474655527;(WebsocketSocketHandler) Got unknown message: WSMESSAGE;GRCS
2;1474655527;(WebsocketSocketHandler) Command: GRCS
0;1474655527;Got socket message: 
0;1474655527;WSMESSAGE;GRES
0;1474655527;WebsocketSocketHandler got message: WSMESSAGE;GRES
2;1474655527;(WebsocketSocketHandler) Got unknown message: WSMESSAGE;GRES
2;1474655527;(WebsocketSocketHandler) Command: GRES
0;1474655527;Got socket message: 
0;1474655527;WSMESSAGE;GRES
0;1474655527;WebsocketSocketHandler got message: WSMESSAGE;GRES
2;1474655527;(WebsocketSocketHandler) Got unknown message: WSMESSAGE;GRES
2;1474655527;(WebsocketSocketHandler) Command: GRES
0;1474655527;Got socket message: 
0;1474655527;WSMESSAGE;GET_RULES
0;1474655527;WebsocketSocketHandler got message: WSMESSAGE;GET_RULES
0;1474655527;Got socket message: 
0;1474655527;WSMESSAGE;GET_RULES
0;1474655527;WebsocketSocketHandler got message: WSMESSAGE;GET_RULES
0;1474655752;Got socket message: 
0;1474655753;SHUTDOWN
1;1474655753;Got shutdown message
1;1474655753;(NodeCommunication)NodeCommunication thread shutting down
1;1474656321;Setup started.
1;1474656321;Opening database file: ../Python/files/data.db
1;1474656321;Database connection opened.
1;1474656321;Main loop started
1;1474656321;(NodeCommunication)NodeCommunication thread started
1;1474656321;(SocketCommunication)SocketCommunication thread started
0;1474656321;Got socket message: 
0;1474656321;PING
0;1474656321;Pong!
0;1474656321;Got socket message: 
0;1474656321;WSMESSAGE;GET_NODES
0;1474656321;WebsocketSocketHandler got message: WSMESSAGE;GET_NODES
0;1474656326;Got socket message: 
0;1474656326;WSMESSAGE;GRCS
0;1474656326;WebsocketSocketHandler got message: WSMESSAGE;GRCS
2;1474656326;(WebsocketSocketHandler) Got unknown message: WSMESSAGE;GRCS
2;1474656326;(WebsocketSocketHandler) Command: GRCS
0;1474656326;Got socket message: 
0;1474656326;WSMESSAGE;GRCS
0;1474656326;WebsocketSocketHandler got message: WSMESSAGE;GRCS
2;1474656326;(WebsocketSocketHandler) Got unknown message: WSMESSAGE;GRCS
2;1474656326;(WebsocketSocketHandler) Command: GRCS
0;1474656326;Got socket message: 
0;1474656326;WSMESSAGE;GRES
0;1474656326;WebsocketSocketHandler got message: WSMESSAGE;GRES
2;1474656326;(WebsocketSocketHandler) Got unknown message: WSMESSAGE;GRES
2;1474656326;(WebsocketSocketHandler) Command: GRES
0;1474656326;Got socket message: 
0;1474656326;WSMESSAGE;GRES
0;1474656326;WebsocketSocketHandler got message: WSMESSAGE;GRES
2;1474656326;(WebsocketSocketHandler) Got unknown message: WSMESSAGE;GRES
2;1474656326;(WebsocketSocketHandler) Command: GRES
0;1474656326;Got socket message: 
0;1474656326;WSMESSAGE;GET_RULES
0;1474656326;WebsocketSocketHandler got message: WSMESSAGE;GET_RULES
0;1474656326;Got socket message: 
0;1474656326;WSMESSAGE;GET_RULES
0;1474656326;WebsocketSocketHandler got message: WSMESSAGE;GET_RULES
0;1474656328;Got socket message: 
0;1474656328;WSMESSAGE;GET_NODES
0;1474656328;WebsocketSocketHandler got message: WSMESSAGE;GET_NODES
0;1474656328;Got socket message: 
0;1474656328;WSMESSAGE;GET_NODES
0;1474656328;WebsocketSocketHandler got message: WSMESSAGE;GET_NODES
0;1474656328;Got socket message: 
0;1474656328;WSMESSAGE;GET_ACTIONS
0;1474656328;WebsocketSocketHandler got message: WSMESSAGE;GET_ACTIONS
0;1474656328;Got socket message: 
0;1474656328;WSMESSAGE;GET_ACTIONS
0;1474656328;WebsocketSocketHandler got message: WSMESSAGE;GET_ACTIONS
0;1474656356;Got socket message: 
0;1474656356;WSMESSAGE;ADD_RULE;{"name":"Test Regel","icon":"pic/actions/lightbulb_on.png","color":16777215,"condition":{"type":1,"v1":{"type":0,"v1":1},"v2":{"type":0,"v1":1}},"effect":{"name":"effect_Test Regel","icon":"effect_pic/actions/lightbulb_on.png","color":16777215,"subActions":[{"type":2,"node":0,"actor":0,"value":"Test","timeout":0,"transition":false}]}}
0;1474656356;WebsocketSocketHandler got message: WSMESSAGE;ADD_RULE;{"name":"Test Regel","icon":"pic/actions/lightbulb_on.png","color":16777215,"condition":{"type":1,"v1":{"type":0,"v1":1},"v2":{"type":0,"v1":1}},"effect":{"name":"effect_Test Regel","icon":"effect_pic/actions/lightbulb_on.png","color":16777215,"subActions":[{"type":2,"node":0,"actor":0,"value":"Test","timeout":0,"transition":false}]}}
3;1474656356;SQLite prepare failed in DBStatement constructor: 7 values for 6 columns
3;1474656356;Passed statement: INSERT INTO rule_conditions(condition_id, condition_type, condition_val1, condition_val2, condition_additional1, condition_additional2) VALUES(?1,?2,?3,?4,?5,?6,?7);
3;1474656357;Exception in DBHandler::AddAction(): SQLite prepare failed in DBStatement constructor: 7 values for 6 columns
0;1474656357;Got socket message: 
0;1474656357;WSMESSAGE;ADD_RULE;{"name":"Test Regel","icon":"pic/actions/lightbulb_on.png","color":16777215,"condition":{"type":1,"v1":{"type":0,"v1":1},"v2":{"type":0,"v1":1}},"effect":{"name":"effect_Test Regel","icon":"effect_pic/actions/lightbulb_on.png","color":16777215,"subActions":[{"type":2,"node":0,"actor":0,"value":"Test","timeout":0,"transition":false}]}}
0;1474656357;WebsocketSocketHandler got message: WSMESSAGE;ADD_RULE;{"name":"Test Regel","icon":"pic/actions/lightbulb_on.png","color":16777215,"condition":{"type":1,"v1":{"type":0,"v1":1},"v2":{"type":0,"v1":1}},"effect":{"name":"effect_Test Regel","icon":"effect_pic/actions/lightbulb_on.png","color":16777215,"subActions":[{"type":2,"node":0,"actor":0,"value":"Test","timeout":0,"transition":false}]}}
3;1474656357;SQLite prepare failed in DBStatement constructor: 7 values for 6 columns
3;1474656357;Passed statement: INSERT INTO rule_conditions(condition_id, condition_type, condition_val1, condition_val2, condition_additional1, condition_additional2) VALUES(?1,?2,?3,?4,?5,?6,?7);
3;1474656357;Exception in DBHandler::AddAction(): SQLite prepare failed in DBStatement constructor: 7 values for 6 columns
0;1474656357;Got socket message: 
0;1474656357;WSMESSAGE;GRCS
0;1474656357;WebsocketSocketHandler got message: WSMESSAGE;GRCS
2;1474656357;(WebsocketSocketHandler) Got unknown message: WSMESSAGE;GRCS
2;1474656357;(WebsocketSocketHandler) Command: GRCS
0;1474656357;Got socket message: 
0;1474656357;WSMESSAGE;GRCS
0;1474656357;WebsocketSocketHandler got message: WSMESSAGE;GRCS
2;1474656357;(WebsocketSocketHandler) Got unknown message: WSMESSAGE;GRCS
2;1474656357;(WebsocketSocketHandler) Command: GRCS
0;1474656357;Got socket message: 
0;1474656357;WSMESSAGE;GRES
0;1474656357;WebsocketSocketHandler got message: WSMESSAGE;GRES
2;1474656357;(WebsocketSocketHandler) Got unknown message: WSMESSAGE;GRES
2;1474656357;(WebsocketSocketHandler) Command: GRES
0;1474656357;Got socket message: 
0;1474656357;WSMESSAGE;GRES
0;1474656357;WebsocketSocketHandler got message: WSMESSAGE;GRES
2;1474656357;(WebsocketSocketHandler) Got unknown message: WSMESSAGE;GRES
2;1474656357;(WebsocketSocketHandler) Command: GRES
0;1474656357;Got socket message: 
0;1474656357;WSMESSAGE;GET_RULES
0;1474656357;WebsocketSocketHandler got message: WSMESSAGE;GET_RULES
0;1474656357;Got socket message: 
0;1474656357;WSMESSAGE;GET_RULES
0;1474656357;WebsocketSocketHandler got message: WSMESSAGE;GET_RULES
0;1474656506;Got socket message: 
0;1474656506;SHUTDOWN
1;1474656506;Got shutdown message
1;1474656506;(NodeCommunication)NodeCommunication thread shutting down
1;1474656660;Setup started.
1;1474656661;Opening database file: ../Python/files/data.db
1;1474656661;Database connection opened.
1;1474656661;Main loop started
1;1474656661;(NodeCommunication)NodeCommunication thread started
1;1474656661;(SocketCommunication)SocketCommunication thread started
0;1474656661;Got socket message: 
0;1474656661;PING
0;1474656661;Pong!
0;1474656661;Got socket message: 
0;1474656661;WSMESSAGE;GET_NODES
0;1474656661;WebsocketSocketHandler got message: WSMESSAGE;GET_NODES
0;1474656666;Got socket message: 
0;1474656666;WSMESSAGE;GRCS
0;1474656666;WebsocketSocketHandler got message: WSMESSAGE;GRCS
2;1474656666;(WebsocketSocketHandler) Got unknown message: WSMESSAGE;GRCS
2;1474656666;(WebsocketSocketHandler) Command: GRCS
0;1474656666;Got socket message: 
0;1474656666;WSMESSAGE;GRCS
0;1474656666;WebsocketSocketHandler got message: WSMESSAGE;GRCS
2;1474656666;(WebsocketSocketHandler) Got unknown message: WSMESSAGE;GRCS
2;1474656666;(WebsocketSocketHandler) Command: GRCS
0;1474656666;Got socket message: 
0;1474656666;WSMESSAGE;GRES
0;1474656666;WebsocketSocketHandler got message: WSMESSAGE;GRES
2;1474656666;(WebsocketSocketHandler) Got unknown message: WSMESSAGE;GRES
2;1474656666;(WebsocketSocketHandler) Command: GRES
0;1474656666;Got socket message: 
0;1474656666;WSMESSAGE;GRES
0;1474656666;WebsocketSocketHandler got message: WSMESSAGE;GRES
2;1474656666;(WebsocketSocketHandler) Got unknown message: WSMESSAGE;GRES
2;1474656666;(WebsocketSocketHandler) Command: GRES
0;1474656666;Got socket message: 
0;1474656666;WSMESSAGE;GET_RULES
0;1474656666;WebsocketSocketHandler got message: WSMESSAGE;GET_RULES
0;1474656666;Got socket message: 
0;1474656666;WSMESSAGE;GET_RULES
0;1474656666;WebsocketSocketHandler got message: WSMESSAGE;GET_RULES
0;1474656667;Got socket message: 
0;1474656667;WSMESSAGE;GET_NODES
0;1474656667;WebsocketSocketHandler got message: WSMESSAGE;GET_NODES
0;1474656667;Got socket message: 
0;1474656667;WSMESSAGE;GET_NODES
0;1474656667;WebsocketSocketHandler got message: WSMESSAGE;GET_NODES
0;1474656667;Got socket message: 
0;1474656667;WSMESSAGE;GET_ACTIONS
0;1474656667;WebsocketSocketHandler got message: WSMESSAGE;GET_ACTIONS
0;1474656667;Got socket message: 
0;1474656667;WSMESSAGE;GET_ACTIONS
0;1474656667;WebsocketSocketHandler got message: WSMESSAGE;GET_ACTIONS
0;1474656696;Got socket message: 
0;1474656696;WSMESSAGE;ADD_RULE;{"name":"Test Regel","icon":"pic/actions/lightbulb_on.png","color":16777215,"condition":{"type":1,"v1":{"type":0,"v1":1},"v2":{"type":0,"v1":1}},"effect":{"name":"effect_Test Regel","icon":"effect_pic/actions/lightbulb_on.png","color":16777215,"subActions":[{"type":2,"node":0,"actor":0,"value":"Es Funktioniert!","timeout":0,"transition":false}]}}
0;1474656696;WebsocketSocketHandler got message: WSMESSAGE;ADD_RULE;{"name":"Test Regel","icon":"pic/actions/lightbulb_on.png","color":16777215,"condition":{"type":1,"v1":{"type":0,"v1":1},"v2":{"type":0,"v1":1}},"effect":{"name":"effect_Test Regel","icon":"effect_pic/actions/lightbulb_on.png","color":16777215,"subActions":[{"type":2,"node":0,"actor":0,"value":"Es Funktioniert!","timeout":0,"transition":false}]}}
3;1474656696;SQLite step failed in DBStatement ExecuteAll(): UNIQUE constraint failed: rule_conditions.condition_id
3;1474656696;Exception in DBHandler::AddRule(): SQLite step failed in DBStatement ExecuteAll(): UNIQUE constraint failed: rule_conditions.condition_id
0;1474656696;Got socket message: 
0;1474656696;WSMESSAGE;ADD_RULE;{"name":"Test Regel","icon":"pic/actions/lightbulb_on.png","color":16777215,"condition":{"type":1,"v1":{"type":0,"v1":1},"v2":{"type":0,"v1":1}},"effect":{"name":"effect_Test Regel","icon":"effect_pic/actions/lightbulb_on.png","color":16777215,"subActions":[{"type":2,"node":0,"actor":0,"value":"Es Funktioniert!","timeout":0,"transition":false}]}}
0;1474656696;WebsocketSocketHandler got message: WSMESSAGE;ADD_RULE;{"name":"Test Regel","icon":"pic/actions/lightbulb_on.png","color":16777215,"condition":{"type":1,"v1":{"type":0,"v1":1},"v2":{"type":0,"v1":1}},"effect":{"name":"effect_Test Regel","icon":"effect_pic/actions/lightbulb_on.png","color":16777215,"subActions":[{"type":2,"node":0,"actor":0,"value":"Es Funktioniert!","timeout":0,"transition":false}]}}
3;1474656696;SQLite step failed in DBStatement ExecuteAll(): UNIQUE constraint failed: rule_conditions.condition_id
3;1474656696;Exception in DBHandler::AddRule(): SQLite step failed in DBStatement ExecuteAll(): UNIQUE constraint failed: rule_conditions.condition_id
0;1474656696;Got socket message: 
0;1474656696;WSMESSAGE;GRCS
0;1474656696;WebsocketSocketHandler got message: WSMESSAGE;GRCS
2;1474656696;(WebsocketSocketHandler) Got unknown message: WSMESSAGE;GRCS
2;1474656696;(WebsocketSocketHandler) Command: GRCS
0;1474656696;Got socket message: 
0;1474656696;WSMESSAGE;GRCS
0;1474656696;WebsocketSocketHandler got message: WSMESSAGE;GRCS
2;1474656696;(WebsocketSocketHandler) Got unknown message: WSMESSAGE;GRCS
2;1474656696;(WebsocketSocketHandler) Command: GRCS
0;1474656696;Got socket message: 
0;1474656696;WSMESSAGE;GRES
0;1474656696;WebsocketSocketHandler got message: WSMESSAGE;GRES
2;1474656696;(WebsocketSocketHandler) Got unknown message: WSMESSAGE;GRES
2;1474656696;(WebsocketSocketHandler) Command: GRES
0;1474656696;Got socket message: 
0;1474656696;WSMESSAGE;GRES
0;1474656696;WebsocketSocketHandler got message: WSMESSAGE;GRES
2;1474656696;(WebsocketSocketHandler) Got unknown message: WSMESSAGE;GRES
2;1474656696;(WebsocketSocketHandler) Command: GRES
0;1474656696;Got socket message: 
0;1474656696;WSMESSAGE;GET_RULES
0;1474656696;WebsocketSocketHandler got message: WSMESSAGE;GET_RULES
0;1474656696;Got socket message: 
0;1474656696;WSMESSAGE;GET_RULES
0;1474656696;WebsocketSocketHandler got message: WSMESSAGE;GET_RULES
0;1474656793;Got socket message: 
0;1474656793;SHUTDOWN
1;1474656793;Got shutdown message
1;1474656793;(NodeCommunication)NodeCommunication thread shutting down
1;1474656959;Setup started.
1;1474656959;Opening database file: ../Python/files/data.db
1;1474656959;Database connection opened.
1;1474656959;Main loop started
1;1474656959;(NodeCommunication)NodeCommunication thread started
1;1474656959;(SocketCommunication)SocketCommunication thread started
0;1474656959;Got socket message: 
0;1474656959;PING
0;1474656959;Pong!
0;1474656959;Got socket message: 
0;1474656959;WSMESSAGE;GET_NODES
0;1474656959;WebsocketSocketHandler got message: WSMESSAGE;GET_NODES
0;1474656970;Got socket message: 
0;1474656970;WSMESSAGE;GRCS
0;1474656970;WebsocketSocketHandler got message: WSMESSAGE;GRCS
2;1474656970;(WebsocketSocketHandler) Got unknown message: WSMESSAGE;GRCS
2;1474656970;(WebsocketSocketHandler) Command: GRCS
0;1474656970;Got socket message: 
0;1474656970;WSMESSAGE;GRCS
0;1474656970;WebsocketSocketHandler got message: WSMESSAGE;GRCS
2;1474656970;(WebsocketSocketHandler) Got unknown message: WSMESSAGE;GRCS
2;1474656970;(WebsocketSocketHandler) Command: GRCS
0;1474656970;Got socket message: 
0;1474656970;WSMESSAGE;GRES
0;1474656970;WebsocketSocketHandler got message: WSMESSAGE;GRES
2;1474656970;(WebsocketSocketHandler) Got unknown message: WSMESSAGE;GRES
2;1474656970;(WebsocketSocketHandler) Command: GRES
0;1474656970;Got socket message: 
0;1474656970;WSMESSAGE;GRES
0;1474656970;WebsocketSocketHandler got message: WSMESSAGE;GRES
2;1474656970;(WebsocketSocketHandler) Got unknown message: WSMESSAGE;GRES
2;1474656970;(WebsocketSocketHandler) Command: GRES
0;1474656970;Got socket message: 
0;1474656970;WSMESSAGE;GET_RULES
0;1474656970;WebsocketSocketHandler got message: WSMESSAGE;GET_RULES
0;1474656970;Got socket message: 
0;1474656970;WSMESSAGE;GET_RULES
0;1474656970;WebsocketSocketHandler got message: WSMESSAGE;GET_RULES
0;1474656971;Got socket message: 
0;1474656971;WSMESSAGE;GET_NODES
0;1474656971;WebsocketSocketHandler got message: WSMESSAGE;GET_NODES
0;1474656971;Got socket message: 
0;1474656971;WSMESSAGE;GET_NODES
0;1474656971;WebsocketSocketHandler got message: WSMESSAGE;GET_NODES
0;1474656971;Got socket message: 
0;1474656971;WSMESSAGE;GET_ACTIONS
0;1474656971;WebsocketSocketHandler got message: WSMESSAGE;GET_ACTIONS
0;1474656971;Got socket message: 
0;1474656971;WSMESSAGE;GET_ACTIONS
0;1474656971;WebsocketSocketHandler got message: WSMESSAGE;GET_ACTIONS
0;1474656999;Got socket message: 
0;1474656999;WSMESSAGE;ADD_RULE;{"name":"Test Regel","icon":"pic/actions/lightbulb_on.png","color":16777215,"condition":{"type":1,"v1":{"type":0,"v1":1},"v2":{"type":0,"v1":1}},"effect":{"name":"effect_Test Regel","icon":"effect_pic/actions/lightbulb_on.png","color":16777215,"subActions":[{"type":2,"node":0,"actor":0,"value":"Es geht!","timeout":0,"transition":false}]}}
0;1474656999;WebsocketSocketHandler got message: WSMESSAGE;ADD_RULE;{"name":"Test Regel","icon":"pic/actions/lightbulb_on.png","color":16777215,"condition":{"type":1,"v1":{"type":0,"v1":1},"v2":{"type":0,"v1":1}},"effect":{"name":"effect_Test Regel","icon":"effect_pic/actions/lightbulb_on.png","color":16777215,"subActions":[{"type":2,"node":0,"actor":0,"value":"Es geht!","timeout":0,"transition":false}]}}
3;1474656999;SQLite step failed in DBStatement ExecuteAll(): UNIQUE constraint failed: rule_conditions.condition_id
3;1474656999;Exception in DBHandler::AddRule(): SQLite step failed in DBStatement ExecuteAll(): UNIQUE constraint failed: rule_conditions.condition_id
0;1474656999;Got socket message: 
0;1474656999;WSMESSAGE;ADD_RULE;{"name":"Test Regel","icon":"pic/actions/lightbulb_on.png","color":16777215,"condition":{"type":1,"v1":{"type":0,"v1":1},"v2":{"type":0,"v1":1}},"effect":{"name":"effect_Test Regel","icon":"effect_pic/actions/lightbulb_on.png","color":16777215,"subActions":[{"type":2,"node":0,"actor":0,"value":"Es geht!","timeout":0,"transition":false}]}}
0;1474656999;WebsocketSocketHandler got message: WSMESSAGE;ADD_RULE;{"name":"Test Regel","icon":"pic/actions/lightbulb_on.png","color":16777215,"condition":{"type":1,"v1":{"type":0,"v1":1},"v2":{"type":0,"v1":1}},"effect":{"name":"effect_Test Regel","icon":"effect_pic/actions/lightbulb_on.png","color":16777215,"subActions":[{"type":2,"node":0,"actor":0,"value":"Es geht!","timeout":0,"transition":false}]}}
3;1474656999;SQLite step failed in DBStatement ExecuteAll(): UNIQUE constraint failed: rule_conditions.condition_id
3;1474656999;Exception in DBHandler::AddRule(): SQLite step failed in DBStatement ExecuteAll(): UNIQUE constraint failed: rule_conditions.condition_id
0;1474656999;Got socket message: 
0;1474656999;WSMESSAGE;GRCS
0;1474656999;WebsocketSocketHandler got message: WSMESSAGE;GRCS
2;1474656999;(WebsocketSocketHandler) Got unknown message: WSMESSAGE;GRCS
2;1474656999;(WebsocketSocketHandler) Command: GRCS
0;1474656999;Got socket message: 
0;1474656999;WSMESSAGE;GRCS
0;1474656999;WebsocketSocketHandler got message: WSMESSAGE;GRCS
2;1474656999;(WebsocketSocketHandler) Got unknown message: WSMESSAGE;GRCS
2;1474656999;(WebsocketSocketHandler) Command: GRCS
0;1474656999;Got socket message: 
0;1474656999;WSMESSAGE;GRES
0;1474656999;WebsocketSocketHandler got message: WSMESSAGE;GRES
2;1474656999;(WebsocketSocketHandler) Got unknown message: WSMESSAGE;GRES
2;1474656999;(WebsocketSocketHandler) Command: GRES
0;1474656999;Got socket message: 
0;1474656999;WSMESSAGE;GRES
0;1474656999;WebsocketSocketHandler got message: WSMESSAGE;GRES
2;1474656999;(WebsocketSocketHandler) Got unknown message: WSMESSAGE;GRES
2;1474656999;(WebsocketSocketHandler) Command: GRES
0;1474656999;Got socket message: 
0;1474656999;WSMESSAGE;GET_RULES
0;1474656999;WebsocketSocketHandler got message: WSMESSAGE;GET_RULES
0;1474656999;Got socket message: 
0;1474656999;WSMESSAGE;GET_RULES
0;1474656999;WebsocketSocketHandler got message: WSMESSAGE;GET_RULES
0;1474657074;Got socket message: 
0;1474657074;WSMESSAGE;GET_NODES
0;1474657074;WebsocketSocketHandler got message: WSMESSAGE;GET_NODES
0;1474657074;Got socket message: 
0;1474657074;WSMESSAGE;GET_NODES
0;1474657074;WebsocketSocketHandler got message: WSMESSAGE;GET_NODES
0;1474657074;Got socket message: 
0;1474657074;WSMESSAGE;GET_ACTIONS
0;1474657074;WebsocketSocketHandler got message: WSMESSAGE;GET_ACTIONS
0;1474657074;Got socket message: 
0;1474657074;WSMESSAGE;GET_ACTIONS
0;1474657074;WebsocketSocketHandler got message: WSMESSAGE;GET_ACTIONS
0;1474657088;Got socket message: 
0;1474657088;WSMESSAGE;ADD_RULE;{"name":"Test","icon":"pic/delete.png","color":0,"condition":{"type":0,"v1":1},"effect":{"name":"effect_Test","icon":"effect_pic/delete.png","color":0,"subActions":[{"type":2,"node":0,"actor":0,"value":"Es geht!","timeout":0,"transition":false}]}}
0;1474657088;WebsocketSocketHandler got message: WSMESSAGE;ADD_RULE;{"name":"Test","icon":"pic/delete.png","color":0,"condition":{"type":0,"v1":1},"effect":{"name":"effect_Test","icon":"effect_pic/delete.png","color":0,"subActions":[{"type":2,"node":0,"actor":0,"value":"Es geht!","timeout":0,"transition":false}]}}
0;1474657238;Got socket message: 
0;1474657238;WSMESSAGE;ADD_RULE;{"name":"Test","icon":"pic/delete.png","color":0,"condition":{"type":0,"v1":1},"effect":{"name":"effect_Test","icon":"effect_pic/delete.png","color":0,"subActions":[{"type":2,"node":0,"actor":0,"value":"Es geht!","timeout":0,"transition":false}]}}
0;1474657238;WebsocketSocketHandler got message: WSMESSAGE;ADD_RULE;{"name":"Test","icon":"pic/delete.png","color":0,"condition":{"type":0,"v1":1},"effect":{"name":"effect_Test","icon":"effect_pic/delete.png","color":0,"subActions":[{"type":2,"node":0,"actor":0,"value":"Es geht!","timeout":0,"transition":false}]}}
0;1474657327;Got socket message: 
0;1474657327;WSMESSAGE;GRCS
0;1474657327;WebsocketSocketHandler got message: WSMESSAGE;GRCS
2;1474657327;(WebsocketSocketHandler) Got unknown message: WSMESSAGE;GRCS
2;1474657327;(WebsocketSocketHandler) Command: GRCS
0;1474657327;Got socket message: 
0;1474657327;WSMESSAGE;GRCS
0;1474657327;WebsocketSocketHandler got message: WSMESSAGE;GRCS
2;1474657327;(WebsocketSocketHandler) Got unknown message: WSMESSAGE;GRCS
2;1474657327;(WebsocketSocketHandler) Command: GRCS
0;1474657327;Got socket message: 
0;1474657327;WSMESSAGE;GRES
0;1474657327;WebsocketSocketHandler got message: WSMESSAGE;GRES
2;1474657327;(WebsocketSocketHandler) Got unknown message: WSMESSAGE;GRES
2;1474657327;(WebsocketSocketHandler) Command: GRES
0;1474657327;Got socket message: 
0;1474657327;WSMESSAGE;GRES
0;1474657327;WebsocketSocketHandler got message: WSMESSAGE;GRES
2;1474657327;(WebsocketSocketHandler) Got unknown message: WSMESSAGE;GRES
2;1474657327;(WebsocketSocketHandler) Command: GRES
0;1474657327;Got socket message: 
0;1474657327;WSMESSAGE;GET_RULES
0;1474657327;WebsocketSocketHandler got message: WSMESSAGE;GET_RULES
2;1474657327;Did not find Action with id 0
