1;1472493533;Setup started.
1;1472493533;Opening database file: ../Python/files/data.db
1;1472493533;Database connection opened.
1;1472493533;Main loop started
1;1472493533;(NodeCommunication)NodeCommunication thread started
1;1472493533;(SocketCommunication)SocketCommunication thread started
0;1472493533;Got socket message: 
0;1472493533;PING
0;1472493533;Pong!
0;1472493533;Got socket message: 
0;1472493533;WSMESSAGE;GET_NODES
0;1472493533;WebsocketSocketHandler got message: WSMESSAGE;GET_NODES
0;1472493547;Got socket message: 
0;1472493547;WSMESSAGE;GET_NODE;2
0;1472493547;WebsocketSocketHandler got message: WSMESSAGE;GET_NODE;2
0;1472494217;Got socket message: 
0;1472494217;SHUTDOWN
1;1472494217;Got shutdown message
1;1472494217;(NodeCommunication)NodeCommunication thread shutting down
1;1472494248;Setup started.
1;1472494248;Opening database file: ../Python/files/data.db
1;1472494248;Database connection opened.
1;1472494248;Main loop started
1;1472494248;(NodeCommunication)NodeCommunication thread started
1;1472494248;(SocketCommunication)SocketCommunication thread started
0;1472494248;Got socket message: 
0;1472494248;PING
0;1472494248;Pong!
0;1472494248;Got socket message: 
0;1472494248;WSMESSAGE;GET_NODES
0;1472494248;WebsocketSocketHandler got message: WSMESSAGE;GET_NODES
0;1472494268;Got socket message: 
0;1472494268;SHUTDOWN
1;1472494268;Got shutdown message
1;1472494268;(NodeCommunication)NodeCommunication thread shutting down
