1;1472666294;Setup started.
1;1472666294;Opening database file: ../Python/files/data.db
1;1472666294;Database connection opened.
1;1472666294;Main loop started
1;1472666294;(NodeCommunication)NodeCommunication thread started
1;1472666294;(SocketCommunication)SocketCommunication thread started
0;1472666294;Got socket message: 
0;1472666294;PING
0;1472666294;Pong!
0;1472666294;Got socket message: 
0;1472666294;WSMESSAGE;GET_NODES
0;1472666294;WebsocketSocketHandler got message: WSMESSAGE;GET_NODES
0;1472666489;Got socket message: 
0;1472666489;WSMESSAGE;GRCS
0;1472666489;WebsocketSocketHandler got message: WSMESSAGE;GRCS
2;1472666489;(WebsocketSocketHandler) Got unknown message: WSMESSAGE;GRCS
2;1472666489;(WebsocketSocketHandler) Command: GRCS
0;1472666489;Got socket message: 
0;1472666489;WSMESSAGE;GRES
0;1472666489;WebsocketSocketHandler got message: WSMESSAGE;GRES
2;1472666489;(WebsocketSocketHandler) Got unknown message: WSMESSAGE;GRES
2;1472666489;(WebsocketSocketHandler) Command: GRES
0;1472666489;Got socket message: 
0;1472666489;WSMESSAGE;GETRULES
0;1472666489;WebsocketSocketHandler got message: WSMESSAGE;GETRULES
0;1472666753;Got socket message: 
0;1472666753;SHUTDOWN
1;1472666753;Got shutdown message
1;1472666753;(NodeCommunication)NodeCommunication thread shutting down
1;1472666879;Setup started.
1;1472666879;Opening database file: ../Python/files/data.db
1;1472666879;Database connection opened.
1;1472666879;Main loop started
1;1472666879;(NodeCommunication)NodeCommunication thread started
1;1472666879;(SocketCommunication)SocketCommunication thread started
0;1472666879;Got socket message: 
0;1472666879;PING
0;1472666879;Pong!
0;1472666879;Got socket message: 
0;1472666879;WSMESSAGE;GET_NODES
0;1472666879;WebsocketSocketHandler got message: WSMESSAGE;GET_NODES
0;1472666902;Got socket message: 
0;1472666902;SHUTDOWN
1;1472666902;Got shutdown message
1;1472666902;(NodeCommunication)NodeCommunication thread shutting down
1;1472666926;Setup started.
1;1472666926;Opening database file: ../Python/files/data.db
1;1472666926;Database connection opened.
1;1472666927;Main loop started
1;1472666927;(NodeCommunication)NodeCommunication thread started
1;1472666927;(SocketCommunication)SocketCommunication thread started
0;1472666927;Got socket message: 
0;1472666927;PING
0;1472666927;Pong!
0;1472666927;Got socket message: 
0;1472666927;WSMESSAGE;GET_NODES
0;1472666927;WebsocketSocketHandler got message: WSMESSAGE;GET_NODES
0;1472667456;Got socket message: 
0;1472667456;WSMESSAGE;GRCS
0;1472667456;WebsocketSocketHandler got message: WSMESSAGE;GRCS
2;1472667456;(WebsocketSocketHandler) Got unknown message: WSMESSAGE;GRCS
2;1472667456;(WebsocketSocketHandler) Command: GRCS
0;1472667456;Got socket message: 
0;1472667456;WSMESSAGE;GRES
0;1472667456;WebsocketSocketHandler got message: WSMESSAGE;GRES
2;1472667456;(WebsocketSocketHandler) Got unknown message: WSMESSAGE;GRES
2;1472667456;(WebsocketSocketHandler) Command: GRES
0;1472667456;Got socket message: 
0;1472667456;WSMESSAGE;GETRULES
0;1472667456;WebsocketSocketHandler got message: WSMESSAGE;GETRULES
0;1472669272;Got socket message: 
0;1472669272;SHUTDOWN
1;1472669272;Got shutdown message
1;1472669272;(NodeCommunication)NodeCommunication thread shutting down
