1;1474051300;Setup started.
1;1474051300;Opening database file: ../Python/files/data.db
1;1474051300;Database connection opened.
1;1474051300;Main loop started
1;1474051300;(NodeCommunication)NodeCommunication thread started
1;1474051300;(SocketCommunication)SocketCommunication thread started
0;1474051300;Got socket message: 
0;1474051300;PING
0;1474051300;Pong!
0;1474051300;Got socket message: 
0;1474051300;WSMESSAGE;GET_NODES
0;1474051300;WebsocketSocketHandler got message: WSMESSAGE;GET_NODES
0;1474051307;Got socket message: 
0;1474051307;WSMESSAGE;GRCS
0;1474051307;WebsocketSocketHandler got message: WSMESSAGE;GRCS
2;1474051307;(WebsocketSocketHandler) Got unknown message: WSMESSAGE;GRCS
2;1474051307;(WebsocketSocketHandler) Command: GRCS
0;1474051307;Got socket message: 
0;1474051307;WSMESSAGE;GRESWSMESSAGE;GETRULES
0;1474051307;WebsocketSocketHandler got message: WSMESSAGE;GRESWSMESSAGE;GETRULES
2;1474051307;(WebsocketSocketHandler) Got unknown message: WSMESSAGE;GRESWSMESSAGE;GETRULES
2;1474051307;(WebsocketSocketHandler) Command: GRESWSMESSAGE
0;1474051312;Got socket message: 
0;1474051312;WSMESSAGE;GRCS
0;1474051312;WebsocketSocketHandler got message: WSMESSAGE;GRCS
2;1474051312;(WebsocketSocketHandler) Got unknown message: WSMESSAGE;GRCS
2;1474051312;(WebsocketSocketHandler) Command: GRCS
0;1474051312;Got socket message: 
0;1474051312;WSMESSAGE;GRESWSMESSAGE;GETRULES
0;1474051312;WebsocketSocketHandler got message: WSMESSAGE;GRESWSMESSAGE;GETRULES
2;1474051312;(WebsocketSocketHandler) Got unknown message: WSMESSAGE;GRESWSMESSAGE;GETRULES
2;1474051312;(WebsocketSocketHandler) Command: GRESWSMESSAGE
0;1474051335;Got socket message: 
0;1474051335;WSMESSAGE;GRCS
0;1474051335;WebsocketSocketHandler got message: WSMESSAGE;GRCS
2;1474051335;(WebsocketSocketHandler) Got unknown message: WSMESSAGE;GRCS
2;1474051335;(WebsocketSocketHandler) Command: GRCS
0;1474051335;Got socket message: 
0;1474051335;WSMESSAGE;GRESWSMESSAGE;GETRULES
0;1474051335;WebsocketSocketHandler got message: WSMESSAGE;GRESWSMESSAGE;GETRULES
2;1474051335;(WebsocketSocketHandler) Got unknown message: WSMESSAGE;GRESWSMESSAGE;GETRULES
2;1474051335;(WebsocketSocketHandler) Command: GRESWSMESSAGE
0;1474051352;Got socket message: 
0;1474051352;WSMESSAGE;GRCS
0;1474051352;WebsocketSocketHandler got message: WSMESSAGE;GRCS
2;1474051352;(WebsocketSocketHandler) Got unknown message: WSMESSAGE;GRCS
2;1474051352;(WebsocketSocketHandler) Command: GRCS
0;1474051352;Got socket message: 
0;1474051352;WSMESSAGE;GRES
0;1474051352;WebsocketSocketHandler got message: WSMESSAGE;GRES
2;1474051352;(WebsocketSocketHandler) Got unknown message: WSMESSAGE;GRES
2;1474051352;(WebsocketSocketHandler) Command: GRES
0;1474051352;Got socket message: 
0;1474051352;WSMESSAGE;GETRULES
0;1474051352;WebsocketSocketHandler got message: WSMESSAGE;GETRULES
0;1474051358;Got socket message: 
0;1474051358;WSMESSAGE;GRCSWSMESSAGE;GRES
0;1474051358;WebsocketSocketHandler got message: WSMESSAGE;GRCSWSMESSAGE;GRES
2;1474051358;(WebsocketSocketHandler) Got unknown message: WSMESSAGE;GRCSWSMESSAGE;GRES
2;1474051358;(WebsocketSocketHandler) Command: GRCSWSMESSAGE
0;1474051358;Got socket message: 
0;1474051358;WSMESSAGE;GETRULES
0;1474051358;WebsocketSocketHandler got message: WSMESSAGE;GETRULES
0;1474051381;Got socket message: 
0;1474051381;WSMESSAGE;GRCS
0;1474051381;WebsocketSocketHandler got message: WSMESSAGE;GRCS
2;1474051381;(WebsocketSocketHandler) Got unknown message: WSMESSAGE;GRCS
2;1474051381;(WebsocketSocketHandler) Command: GRCS
0;1474051381;Got socket message: 
0;1474051381;WSMESSAGE;GRESWSMESSAGE;GETRULES
0;1474051381;WebsocketSocketHandler got message: WSMESSAGE;GRESWSMESSAGE;GETRULES
2;1474051381;(WebsocketSocketHandler) Got unknown message: WSMESSAGE;GRESWSMESSAGE;GETRULES
2;1474051381;(WebsocketSocketHandler) Command: GRESWSMESSAGE
0;1474052364;Got socket message: 
0;1474052364;WSMESSAGE;GRCS
0;1474052364;WebsocketSocketHandler got message: WSMESSAGE;GRCS
2;1474052364;(WebsocketSocketHandler) Got unknown message: WSMESSAGE;GRCS
2;1474052364;(WebsocketSocketHandler) Command: GRCS
0;1474052364;Got socket message: 
0;1474052364;WSMESSAGE;GRES
0;1474052364;WebsocketSocketHandler got message: WSMESSAGE;GRES
2;1474052364;(WebsocketSocketHandler) Got unknown message: WSMESSAGE;GRES
2;1474052364;(WebsocketSocketHandler) Command: GRES
0;1474052364;Got socket message: 
0;1474052364;WSMESSAGE;GETRULES
0;1474052364;WebsocketSocketHandler got message: WSMESSAGE;GETRULES
0;1474052623;Got socket message: 
0;1474052623;WSMESSAGE;GET_NODES
0;1474052623;WebsocketSocketHandler got message: WSMESSAGE;GET_NODES
0;1474052623;Got socket message: 
0;1474052623;WSMESSAGE;GET_ACTIONS
0;1474052623;WebsocketSocketHandler got message: WSMESSAGE;GET_ACTIONS
0;1474052748;Got socket message: 
0;1474052748;WSMESSAGE;GET_NODES
0;1474052748;WebsocketSocketHandler got message: WSMESSAGE;GET_NODES
0;1474052748;Got socket message: 
0;1474052748;WSMESSAGE;GET_ACTIONS
0;1474052748;WebsocketSocketHandler got message: WSMESSAGE;GET_ACTIONS
0;1474052784;Got socket message: 
0;1474052784;WSMESSAGE;GET_NODES
0;1474052784;WebsocketSocketHandler got message: WSMESSAGE;GET_NODES
0;1474052784;Got socket message: 
0;1474052784;WSMESSAGE;GET_ACTIONS
0;1474052784;WebsocketSocketHandler got message: WSMESSAGE;GET_ACTIONS
0;1474052872;Got socket message: 
0;1474052872;WSMESSAGE;GET_NODES
0;1474052872;WebsocketSocketHandler got message: WSMESSAGE;GET_NODES
0;1474052872;Got socket message: 
0;1474052872;WSMESSAGE;GET_ACTIONS
0;1474052872;WebsocketSocketHandler got message: WSMESSAGE;GET_ACTIONS
0;1474053026;Got socket message: 
0;1474053026;WSMESSAGE;GET_NODES
0;1474053026;WebsocketSocketHandler got message: WSMESSAGE;GET_NODES
0;1474053026;Got socket message: 
0;1474053026;WSMESSAGE;GET_ACTIONS
0;1474053026;WebsocketSocketHandler got message: WSMESSAGE;GET_ACTIONS
0;1474055047;Got socket message: 
0;1474055047;SHUTDOWN
1;1474055047;Got shutdown message
1;1474055047;(NodeCommunication)NodeCommunication thread shutting down
