1;1474737376;Setup started.
1;1474737376;Opening database file: ../Python/files/data.db
1;1474737376;Database connection opened.
1;1474737376;Main loop started
1;1474737376;(NodeCommunication)NodeCommunication thread started
1;1474737376;(SocketCommunication)SocketCommunication thread started
0;1474737377;Got socket message: 
0;1474737377;PING
0;1474737377;Pong!
0;1474737377;Got socket message: 
0;1474737377;WSMESSAGE;GET_NODES
0;1474737377;WebsocketSocketHandler got message: WSMESSAGE;GET_NODES
0;1474737443;Got socket message: 
0;1474737443;WSMESSAGE;GRCS
0;1474737443;WebsocketSocketHandler got message: WSMESSAGE;GRCS
2;1474737443;(WebsocketSocketHandler) Got unknown message: WSMESSAGE;GRCS
2;1474737443;(WebsocketSocketHandler) Command: GRCS
0;1474737443;Got socket message: 
0;1474737443;WSMESSAGE;GRCS
0;1474737443;WebsocketSocketHandler got message: WSMESSAGE;GRCS
2;1474737443;(WebsocketSocketHandler) Got unknown message: WSMESSAGE;GRCS
2;1474737443;(WebsocketSocketHandler) Command: GRCS
0;1474737443;Got socket message: 
0;1474737443;WSMESSAGE;GRES
0;1474737443;WebsocketSocketHandler got message: WSMESSAGE;GRES
2;1474737443;(WebsocketSocketHandler) Got unknown message: WSMESSAGE;GRES
2;1474737443;(WebsocketSocketHandler) Command: GRES
0;1474737443;Got socket message: 
0;1474737443;WSMESSAGE;GRES
0;1474737443;WebsocketSocketHandler got message: WSMESSAGE;GRES
2;1474737443;(WebsocketSocketHandler) Got unknown message: WSMESSAGE;GRES
2;1474737443;(WebsocketSocketHandler) Command: GRES
0;1474737443;Got socket message: 
0;1474737443;WSMESSAGE;GET_RULES
0;1474737443;WebsocketSocketHandler got message: WSMESSAGE;GET_RULES
1;1474737885;Setup started.
1;1474737885;Opening database file: ../Python/files/data.db
1;1474737885;Database connection opened.
1;1474737885;Main loop started
1;1474737885;(NodeCommunication)NodeCommunication thread started
1;1474737885;(SocketCommunication)SocketCommunication thread started
0;1474737885;Got socket message: 
0;1474737885;PING
0;1474737885;Pong!
0;1474737885;Got socket message: 
0;1474737885;WSMESSAGE;GET_NODES
0;1474737885;WebsocketSocketHandler got message: WSMESSAGE;GET_NODES
0;1474737888;Got socket message: 
0;1474737888;WSMESSAGE;GRCS
0;1474737888;WebsocketSocketHandler got message: WSMESSAGE;GRCS
2;1474737888;(WebsocketSocketHandler) Got unknown message: WSMESSAGE;GRCS
2;1474737888;(WebsocketSocketHandler) Command: GRCS
0;1474737888;Got socket message: 
0;1474737888;WSMESSAGE;GRCS
0;1474737888;WebsocketSocketHandler got message: WSMESSAGE;GRCS
2;1474737888;(WebsocketSocketHandler) Got unknown message: WSMESSAGE;GRCS
2;1474737888;(WebsocketSocketHandler) Command: GRCS
0;1474737888;Got socket message: 
0;1474737888;WSMESSAGE;GRES
0;1474737888;WebsocketSocketHandler got message: WSMESSAGE;GRES
2;1474737888;(WebsocketSocketHandler) Got unknown message: WSMESSAGE;GRES
2;1474737888;(WebsocketSocketHandler) Command: GRES
0;1474737888;Got socket message: 
0;1474737888;WSMESSAGE;GRES
0;1474737888;WebsocketSocketHandler got message: WSMESSAGE;GRES
2;1474737888;(WebsocketSocketHandler) Got unknown message: WSMESSAGE;GRES
2;1474737888;(WebsocketSocketHandler) Command: GRES
0;1474737888;Got socket message: 
0;1474737888;WSMESSAGE;GET_RULES
0;1474737888;WebsocketSocketHandler got message: WSMESSAGE;GET_RULES
3;1474737888;SQLite step failed in DBStatement Result NextRow(): out of memory
3;1474737888;Exception in DBHandler::GetAllRules(): SQLite step failed in DBStatement Result NextRow(): out of memory
0;1474737888;Got socket message: 
0;1474737888;WSMESSAGE;GET_RULES
0;1474737888;WebsocketSocketHandler got message: WSMESSAGE;GET_RULES
3;1474737888;SQLite step failed in DBStatement Result NextRow(): out of memory
3;1474737888;Exception in DBHandler::GetAllRules(): SQLite step failed in DBStatement Result NextRow(): out of memory
0;1474737919;Got socket message: 
0;1474737919;SHUTDOWN
1;1474737919;Got shutdown message
1;1474737919;(NodeCommunication)NodeCommunication thread shutting down
1;1474737936;Setup started.
1;1474737936;Opening database file: ../Python/files/data.db
1;1474737936;Database connection opened.
1;1474737936;Main loop started
1;1474737936;(NodeCommunication)NodeCommunication thread started
1;1474737937;(SocketCommunication)SocketCommunication thread started
0;1474737937;Got socket message: 
0;1474737937;PING
0;1474737937;Pong!
0;1474737937;Got socket message: 
0;1474737937;WSMESSAGE;GET_NODES
0;1474737937;WebsocketSocketHandler got message: WSMESSAGE;GET_NODES
0;1474737942;Got socket message: 
0;1474737942;WSMESSAGE;GRCS
0;1474737942;WebsocketSocketHandler got message: WSMESSAGE;GRCS
2;1474737942;(WebsocketSocketHandler) Got unknown message: WSMESSAGE;GRCS
2;1474737942;(WebsocketSocketHandler) Command: GRCS
0;1474737942;Got socket message: 
0;1474737942;WSMESSAGE;GRCS
0;1474737942;WebsocketSocketHandler got message: WSMESSAGE;GRCS
2;1474737942;(WebsocketSocketHandler) Got unknown message: WSMESSAGE;GRCS
2;1474737942;(WebsocketSocketHandler) Command: GRCS
0;1474737942;Got socket message: 
0;1474737942;WSMESSAGE;GRES
0;1474737942;WebsocketSocketHandler got message: WSMESSAGE;GRES
2;1474737942;(WebsocketSocketHandler) Got unknown message: WSMESSAGE;GRES
2;1474737942;(WebsocketSocketHandler) Command: GRES
0;1474737942;Got socket message: 
0;1474737942;WSMESSAGE;GRES
0;1474737942;WebsocketSocketHandler got message: WSMESSAGE;GRES
2;1474737942;(WebsocketSocketHandler) Got unknown message: WSMESSAGE;GRES
2;1474737942;(WebsocketSocketHandler) Command: GRES
0;1474737942;Got socket message: 
0;1474737942;WSMESSAGE;GET_RULES
0;1474737942;WebsocketSocketHandler got message: WSMESSAGE;GET_RULES
3;1474737942;SQLite step failed in DBStatement Result NextRow(): out of memory
3;1474737942;Exception in DBHandler::GetAllRules(): SQLite step failed in DBStatement Result NextRow(): out of memory
0;1474737942;Got socket message: 
0;1474737942;WSMESSAGE;GET_RULES
0;1474737942;WebsocketSocketHandler got message: WSMESSAGE;GET_RULES
3;1474737942;SQLite step failed in DBStatement Result NextRow(): out of memory
3;1474737942;Exception in DBHandler::GetAllRules(): SQLite step failed in DBStatement Result NextRow(): out of memory
0;1474738302;Got socket message: 
0;1474738302;SHUTDOWN
1;1474738302;Got shutdown message
1;1474738302;(NodeCommunication)NodeCommunication thread shutting down
1;1474738526;Setup started.
1;1474738526;Opening database file: ../Python/files/data.db
1;1474738526;Database connection opened.
1;1474738526;Main loop started
1;1474738526;(NodeCommunication)NodeCommunication thread started
1;1474738526;(SocketCommunication)SocketCommunication thread started
0;1474738526;Got socket message: 
0;1474738526;PING
0;1474738526;Pong!
0;1474738526;Got socket message: 
0;1474738526;WSMESSAGE;GET_NODES
0;1474738526;WebsocketSocketHandler got message: WSMESSAGE;GET_NODES
0;1474738553;Got socket message: 
0;1474738553;SHUTDOWN
1;1474738553;Got shutdown message
1;1474738553;(NodeCommunication)NodeCommunication thread shutting down
1;1474738562;Setup started.
1;1474738562;Opening database file: ../Python/files/data.db
1;1474738562;Database connection opened.
1;1474738562;Main loop started
1;1474738562;(NodeCommunication)NodeCommunication thread started
1;1474738562;(SocketCommunication)SocketCommunication thread started
0;1474738563;Got socket message: 
0;1474738563;PING
0;1474738563;Pong!
0;1474738563;Got socket message: 
0;1474738563;WSMESSAGE;GET_NODES
0;1474738563;WebsocketSocketHandler got message: WSMESSAGE;GET_NODES
0;1474738567;Got socket message: 
0;1474738567;WSMESSAGE;GRCS
0;1474738567;WebsocketSocketHandler got message: WSMESSAGE;GRCS
2;1474738567;(WebsocketSocketHandler) Got unknown message: WSMESSAGE;GRCS
2;1474738567;(WebsocketSocketHandler) Command: GRCS
0;1474738567;Got socket message: 
0;1474738567;WSMESSAGE;GRCS
0;1474738567;WebsocketSocketHandler got message: WSMESSAGE;GRCS
2;1474738567;(WebsocketSocketHandler) Got unknown message: WSMESSAGE;GRCS
2;1474738567;(WebsocketSocketHandler) Command: GRCS
0;1474738567;Got socket message: 
0;1474738567;WSMESSAGE;GRES
0;1474738567;WebsocketSocketHandler got message: WSMESSAGE;GRES
2;1474738567;(WebsocketSocketHandler) Got unknown message: WSMESSAGE;GRES
2;1474738567;(WebsocketSocketHandler) Command: GRES
0;1474738567;Got socket message: 
0;1474738567;WSMESSAGE;GRES
0;1474738567;WebsocketSocketHandler got message: WSMESSAGE;GRES
2;1474738567;(WebsocketSocketHandler) Got unknown message: WSMESSAGE;GRES
2;1474738567;(WebsocketSocketHandler) Command: GRES
0;1474738567;Got socket message: 
0;1474738567;WSMESSAGE;GET_RULES
0;1474738567;WebsocketSocketHandler got message: WSMESSAGE;GET_RULES
3;1474738581;SQLite step failed in DBStatement Result NextRow(): out of memory
3;1474738581;Exception in DBHandler::GetAllRules(): SQLite step failed in DBStatement Result NextRow(): out of memory
0;1474738581;Got socket message: 
0;1474738581;WSMESSAGE;GET_RULES
0;1474738581;WebsocketSocketHandler got message: WSMESSAGE;GET_RULES
3;1474738586;SQLite step failed in DBStatement Result NextRow(): out of memory
3;1474738586;Exception in DBHandler::GetAllRules(): SQLite step failed in DBStatement Result NextRow(): out of memory
0;1474738597;Got socket message: 
0;1474738597;WSMESSAGE;GRCS
0;1474738597;WebsocketSocketHandler got message: WSMESSAGE;GRCS
2;1474738597;(WebsocketSocketHandler) Got unknown message: WSMESSAGE;GRCS
2;1474738597;(WebsocketSocketHandler) Command: GRCS
0;1474738597;Got socket message: 
0;1474738597;WSMESSAGE;GRCS
0;1474738597;WebsocketSocketHandler got message: WSMESSAGE;GRCS
2;1474738597;(WebsocketSocketHandler) Got unknown message: WSMESSAGE;GRCS
2;1474738597;(WebsocketSocketHandler) Command: GRCS
0;1474738597;Got socket message: 
0;1474738597;WSMESSAGE;GRES
0;1474738597;WebsocketSocketHandler got message: WSMESSAGE;GRES
2;1474738597;(WebsocketSocketHandler) Got unknown message: WSMESSAGE;GRES
2;1474738597;(WebsocketSocketHandler) Command: GRES
0;1474738597;Got socket message: 
0;1474738597;WSMESSAGE;GRES
0;1474738597;WebsocketSocketHandler got message: WSMESSAGE;GRES
2;1474738597;(WebsocketSocketHandler) Got unknown message: WSMESSAGE;GRES
2;1474738597;(WebsocketSocketHandler) Command: GRES
0;1474738597;Got socket message: 
0;1474738597;WSMESSAGE;GET_RULES
0;1474738597;WebsocketSocketHandler got message: WSMESSAGE;GET_RULES
3;1474738607;SQLite step failed in DBStatement Result NextRow(): out of memory
3;1474738607;Exception in DBHandler::GetAllRules(): SQLite step failed in DBStatement Result NextRow(): out of memory
0;1474738607;Got socket message: 
0;1474738607;WSMESSAGE;GET_RULES
0;1474738607;WebsocketSocketHandler got message: WSMESSAGE;GET_RULES
3;1474738614;SQLite step failed in DBStatement Result NextRow(): out of memory
3;1474738614;Exception in DBHandler::GetAllRules(): SQLite step failed in DBStatement Result NextRow(): out of memory
0;1474738655;Got socket message: 
0;1474738655;WSMESSAGE;GRCS
0;1474738655;WebsocketSocketHandler got message: WSMESSAGE;GRCS
2;1474738655;(WebsocketSocketHandler) Got unknown message: WSMESSAGE;GRCS
2;1474738655;(WebsocketSocketHandler) Command: GRCS
0;1474738655;Got socket message: 
0;1474738655;WSMESSAGE;GRCS
0;1474738655;WebsocketSocketHandler got message: WSMESSAGE;GRCS
2;1474738655;(WebsocketSocketHandler) Got unknown message: WSMESSAGE;GRCS
2;1474738655;(WebsocketSocketHandler) Command: GRCS
0;1474738655;Got socket message: 
0;1474738655;WSMESSAGE;GRES
0;1474738655;WebsocketSocketHandler got message: WSMESSAGE;GRES
2;1474738655;(WebsocketSocketHandler) Got unknown message: WSMESSAGE;GRES
2;1474738655;(WebsocketSocketHandler) Command: GRES
0;1474738655;Got socket message: 
0;1474738655;WSMESSAGE;GRES
0;1474738655;WebsocketSocketHandler got message: WSMESSAGE;GRES
2;1474738655;(WebsocketSocketHandler) Got unknown message: WSMESSAGE;GRES
2;1474738655;(WebsocketSocketHandler) Command: GRES
0;1474738655;Got socket message: 
0;1474738655;WSMESSAGE;GET_RULES
0;1474738655;WebsocketSocketHandler got message: WSMESSAGE;GET_RULES
3;1474738756;SQLite step failed in DBStatement Result NextRow(): out of memory
3;1474738756;Exception in DBHandler::GetAllRules(): SQLite step failed in DBStatement Result NextRow(): out of memory
0;1474738756;Got socket message: 
0;1474738756;WSMESSAGE;GET_RULES
0;1474738756;WebsocketSocketHandler got message: WSMESSAGE;GET_RULES
3;1474738887;SQLite step failed in DBStatement Result NextRow(): out of memory
3;1474738887;Exception in DBHandler::GetAllRules(): SQLite step failed in DBStatement Result NextRow(): out of memory
0;1474738948;Got socket message: 
0;1474738948;WSMESSAGE;GRCS
0;1474738948;WebsocketSocketHandler got message: WSMESSAGE;GRCS
2;1474738948;(WebsocketSocketHandler) Got unknown message: WSMESSAGE;GRCS
2;1474738948;(WebsocketSocketHandler) Command: GRCS
0;1474738948;Got socket message: 
0;1474738948;WSMESSAGE;GRCS
0;1474738948;WebsocketSocketHandler got message: WSMESSAGE;GRCS
2;1474738948;(WebsocketSocketHandler) Got unknown message: WSMESSAGE;GRCS
2;1474738948;(WebsocketSocketHandler) Command: GRCS
0;1474738948;Got socket message: 
0;1474738948;WSMESSAGE;GRES
0;1474738948;WebsocketSocketHandler got message: WSMESSAGE;GRES
2;1474738948;(WebsocketSocketHandler) Got unknown message: WSMESSAGE;GRES
2;1474738948;(WebsocketSocketHandler) Command: GRES
0;1474738948;Got socket message: 
0;1474738948;WSMESSAGE;GRES
0;1474738948;WebsocketSocketHandler got message: WSMESSAGE;GRES
2;1474738948;(WebsocketSocketHandler) Got unknown message: WSMESSAGE;GRES
2;1474738948;(WebsocketSocketHandler) Command: GRES
0;1474738948;Got socket message: 
0;1474738948;WSMESSAGE;GET_RULES
0;1474738948;WebsocketSocketHandler got message: WSMESSAGE;GET_RULES
3;1474739762;SQLite step failed in DBStatement Result NextRow(): out of memory
3;1474739762;Exception in DBHandler::GetAllRules(): SQLite step failed in DBStatement Result NextRow(): out of memory
0;1474739762;Got socket message: 
0;1474739762;WSMESSAGE;GET_RULES
0;1474739762;WebsocketSocketHandler got message: WSMESSAGE;GET_RULES
3;1474739764;SQLite step failed in DBStatement Result NextRow(): out of memory
3;1474739764;Exception in DBHandler::GetAllRules(): SQLite step failed in DBStatement Result NextRow(): out of memory
0;1474739766;Got socket message: 
0;1474739766;SHUTDOWN
1;1474739766;Got shutdown message
1;1474739766;(NodeCommunication)NodeCommunication thread shutting down
1;1474740547;Setup started.
1;1474740547;Opening database file: ../Python/files/data.db
1;1474740547;Database connection opened.
1;1474740547;Main loop started
1;1474740547;(NodeCommunication)NodeCommunication thread started
1;1474740547;(SocketCommunication)SocketCommunication thread started
0;1474740547;Got socket message: 
0;1474740547;PING
0;1474740547;Pong!
0;1474740547;Got socket message: 
0;1474740547;WSMESSAGE;GET_NODES
0;1474740547;WebsocketSocketHandler got message: WSMESSAGE;GET_NODES
0;1474740556;Got socket message: 
0;1474740556;WSMESSAGE;GRCS
0;1474740556;WebsocketSocketHandler got message: WSMESSAGE;GRCS
2;1474740557;(WebsocketSocketHandler) Got unknown message: WSMESSAGE;GRCS
2;1474740557;(WebsocketSocketHandler) Command: GRCS
0;1474740557;Got socket message: 
0;1474740557;WSMESSAGE;GRCS
0;1474740557;WebsocketSocketHandler got message: WSMESSAGE;GRCS
2;1474740557;(WebsocketSocketHandler) Got unknown message: WSMESSAGE;GRCS
2;1474740557;(WebsocketSocketHandler) Command: GRCS
0;1474740557;Got socket message: 
0;1474740557;WSMESSAGE;GRES
0;1474740557;WebsocketSocketHandler got message: WSMESSAGE;GRES
2;1474740557;(WebsocketSocketHandler) Got unknown message: WSMESSAGE;GRES
2;1474740557;(WebsocketSocketHandler) Command: GRES
0;1474740557;Got socket message: 
0;1474740557;WSMESSAGE;GRES
0;1474740557;WebsocketSocketHandler got message: WSMESSAGE;GRES
2;1474740557;(WebsocketSocketHandler) Got unknown message: WSMESSAGE;GRES
2;1474740557;(WebsocketSocketHandler) Command: GRES
0;1474740557;Got socket message: 
0;1474740557;WSMESSAGE;GET_RULES
0;1474740557;WebsocketSocketHandler got message: WSMESSAGE;GET_RULES
0;1474740557;Got socket message: 
0;1474740557;WSMESSAGE;GET_RULES
0;1474740557;WebsocketSocketHandler got message: WSMESSAGE;GET_RULES
0;1474740894;Got socket message: 
0;1474740894;WSMESSAGE;GRCS
0;1474740894;WebsocketSocketHandler got message: WSMESSAGE;GRCS
2;1474740894;(WebsocketSocketHandler) Got unknown message: WSMESSAGE;GRCS
2;1474740894;(WebsocketSocketHandler) Command: GRCS
0;1474740895;Got socket message: 
0;1474740895;WSMESSAGE;GRCS
0;1474740895;WebsocketSocketHandler got message: WSMESSAGE;GRCS
2;1474740895;(WebsocketSocketHandler) Got unknown message: WSMESSAGE;GRCS
2;1474740895;(WebsocketSocketHandler) Command: GRCS
0;1474740895;Got socket message: 
0;1474740895;WSMESSAGE;GRES
0;1474740895;WebsocketSocketHandler got message: WSMESSAGE;GRES
2;1474740895;(WebsocketSocketHandler) Got unknown message: WSMESSAGE;GRES
2;1474740895;(WebsocketSocketHandler) Command: GRES
0;1474740898;Got socket message: 
0;1474740898;WSMESSAGE;GRES
0;1474740898;WebsocketSocketHandler got message: WSMESSAGE;GRES
2;1474740898;(WebsocketSocketHandler) Got unknown message: WSMESSAGE;GRES
2;1474740898;(WebsocketSocketHandler) Command: GRES
0;1474740898;Got socket message: 
0;1474740898;WSMESSAGE;GET_RULES
0;1474740898;WebsocketSocketHandler got message: WSMESSAGE;GET_RULES
0;1474740899;Got socket message: 
0;1474740899;WSMESSAGE;GET_RULES
0;1474740899;WebsocketSocketHandler got message: WSMESSAGE;GET_RULES
0;1474740908;Got socket message: 
0;1474740908;SHUTDOWN
1;1474740908;Got shutdown message
1;1474740908;(NodeCommunication)NodeCommunication thread shutting down
1;1474741330;Setup started.
1;1474741330;Opening database file: ../Python/files/data.db
1;1474741330;Database connection opened.
1;1474741330;Main loop started
1;1474741330;(NodeCommunication)NodeCommunication thread started
1;1474741330;(SocketCommunication)SocketCommunication thread started
0;1474741330;Got socket message: 
0;1474741330;PING
0;1474741330;Pong!
0;1474741330;Got socket message: 
0;1474741330;WSMESSAGE;GET_NODES
0;1474741330;WebsocketSocketHandler got message: WSMESSAGE;GET_NODES
0;1474741334;Got socket message: 
0;1474741334;WSMESSAGE;GRCS
0;1474741334;WebsocketSocketHandler got message: WSMESSAGE;GRCS
2;1474741334;(WebsocketSocketHandler) Got unknown message: WSMESSAGE;GRCS
2;1474741334;(WebsocketSocketHandler) Command: GRCS
0;1474741334;Got socket message: 
0;1474741334;WSMESSAGE;GRCS
0;1474741334;WebsocketSocketHandler got message: WSMESSAGE;GRCS
2;1474741334;(WebsocketSocketHandler) Got unknown message: WSMESSAGE;GRCS
2;1474741334;(WebsocketSocketHandler) Command: GRCS
0;1474741334;Got socket message: 
0;1474741334;WSMESSAGE;GRES
0;1474741334;WebsocketSocketHandler got message: WSMESSAGE;GRES
2;1474741334;(WebsocketSocketHandler) Got unknown message: WSMESSAGE;GRES
2;1474741334;(WebsocketSocketHandler) Command: GRES
0;1474741334;Got socket message: 
0;1474741334;WSMESSAGE;GRES
0;1474741334;WebsocketSocketHandler got message: WSMESSAGE;GRES
2;1474741334;(WebsocketSocketHandler) Got unknown message: WSMESSAGE;GRES
2;1474741334;(WebsocketSocketHandler) Command: GRES
0;1474741334;Got socket message: 
0;1474741334;WSMESSAGE;GET_RULES
0;1474741334;WebsocketSocketHandler got message: WSMESSAGE;GET_RULES
0;1474741334;Got socket message: 
0;1474741334;WSMESSAGE;GET_RULES
0;1474741334;WebsocketSocketHandler got message: WSMESSAGE;GET_RULES
0;1474741379;Got socket message: 
0;1474741379;WSMESSAGE;GRCS
0;1474741385;WebsocketSocketHandler got message: WSMESSAGE;GRCS
2;1474741385;(WebsocketSocketHandler) Got unknown message: WSMESSAGE;GRCS
2;1474741385;(WebsocketSocketHandler) Command: GRCS
0;1474741480;Got socket message: 
0;1474741480;WSMESSAGE;GRCS
0;1474741485;WebsocketSocketHandler got message: WSMESSAGE;GRCS
2;1474741485;(WebsocketSocketHandler) Got unknown message: WSMESSAGE;GRCS
2;1474741485;(WebsocketSocketHandler) Command: GRCS
0;1474741502;Got socket message: 
0;1474741502;WSMESSAGE;GRES
0;1474741502;WebsocketSocketHandler got message: WSMESSAGE;GRES
2;1474741502;(WebsocketSocketHandler) Got unknown message: WSMESSAGE;GRES
2;1474741502;(WebsocketSocketHandler) Command: GRES
0;1474741502;Got socket message: 
0;1474741502;WSMESSAGE;GRES
0;1474741502;WebsocketSocketHandler got message: WSMESSAGE;GRES
2;1474741502;(WebsocketSocketHandler) Got unknown message: WSMESSAGE;GRES
2;1474741502;(WebsocketSocketHandler) Command: GRES
0;1474741502;Got socket message: 
0;1474741502;WSMESSAGE;GET_RULES
0;1474741502;WebsocketSocketHandler got message: WSMESSAGE;GET_RULES
0;1474741502;Got socket message: 
0;1474741502;WSMESSAGE;GET_RULES
0;1474741502;WebsocketSocketHandler got message: WSMESSAGE;GET_RULES
0;1474741947;Got socket message: 
0;1474741947;WSMESSAGE;GRCS
0;1474741947;WebsocketSocketHandler got message: WSMESSAGE;GRCS
2;1474741947;(WebsocketSocketHandler) Got unknown message: WSMESSAGE;GRCS
2;1474741947;(WebsocketSocketHandler) Command: GRCS
0;1474741947;Got socket message: 
0;1474741947;WSMESSAGE;GRCS
0;1474741947;WebsocketSocketHandler got message: WSMESSAGE;GRCS
2;1474741947;(WebsocketSocketHandler) Got unknown message: WSMESSAGE;GRCS
2;1474741947;(WebsocketSocketHandler) Command: GRCS
0;1474741947;Got socket message: 
0;1474741947;WSMESSAGE;GRES
0;1474741947;WebsocketSocketHandler got message: WSMESSAGE;GRES
2;1474741947;(WebsocketSocketHandler) Got unknown message: WSMESSAGE;GRES
2;1474741947;(WebsocketSocketHandler) Command: GRES
0;1474741947;Got socket message: 
0;1474741947;WSMESSAGE;GRES
0;1474741947;WebsocketSocketHandler got message: WSMESSAGE;GRES
2;1474741947;(WebsocketSocketHandler) Got unknown message: WSMESSAGE;GRES
2;1474741947;(WebsocketSocketHandler) Command: GRES
0;1474741947;Got socket message: 
0;1474741947;WSMESSAGE;GET_RULES
0;1474741947;WebsocketSocketHandler got message: WSMESSAGE;GET_RULES
3;1474741949;(SocketCommunication)Error while writing to socket:
3;1474741949;(SocketCommunication)	Bytes to write: 337
3;1474741949;(SocketCommunication)	Bytes written: -1
3;1474741950;(SocketCommunication)Error while writing to socket:
3;1474741950;(SocketCommunication)	Bytes to write: 337
3;1474741950;(SocketCommunication)	Bytes written: -1
0;1474741950;Got socket message: 
0;1474741950;WSMESSAGE;GET_RULES
0;1474741950;WebsocketSocketHandler got message: WSMESSAGE;GET_RULES
3;1474741951;(SocketCommunication)Error while writing to socket:
3;1474741951;(SocketCommunication)	Bytes to write: 337
3;1474741951;(SocketCommunication)	Bytes written: -1
3;1474741951;(SocketCommunication)Error while writing to socket:
3;1474741951;(SocketCommunication)	Bytes to write: 337
3;1474741951;(SocketCommunication)	Bytes written: -1
1;1474741986;Setup started.
1;1474741986;Opening database file: ../Python/files/data.db
1;1474741986;Database connection opened.
1;1474741986;Main loop started
1;1474741986;(NodeCommunication)NodeCommunication thread started
1;1474741986;(SocketCommunication)SocketCommunication thread started
0;1474741986;Got socket message: 
0;1474741986;PING
0;1474741986;Pong!
0;1474741986;Got socket message: 
0;1474741986;WSMESSAGE;GET_NODES
0;1474741986;WebsocketSocketHandler got message: WSMESSAGE;GET_NODES
0;1474741992;Got socket message: 
0;1474741992;WSMESSAGE;GRCS
0;1474741992;WebsocketSocketHandler got message: WSMESSAGE;GRCS
2;1474741992;(WebsocketSocketHandler) Got unknown message: WSMESSAGE;GRCS
2;1474741992;(WebsocketSocketHandler) Command: GRCS
0;1474741992;Got socket message: 
0;1474741992;WSMESSAGE;GRCS
0;1474741992;WebsocketSocketHandler got message: WSMESSAGE;GRCS
2;1474741992;(WebsocketSocketHandler) Got unknown message: WSMESSAGE;GRCS
2;1474741992;(WebsocketSocketHandler) Command: GRCS
0;1474741992;Got socket message: 
0;1474741992;WSMESSAGE;GRES
0;1474741992;WebsocketSocketHandler got message: WSMESSAGE;GRES
2;1474741992;(WebsocketSocketHandler) Got unknown message: WSMESSAGE;GRES
2;1474741992;(WebsocketSocketHandler) Command: GRES
0;1474741992;Got socket message: 
0;1474741992;WSMESSAGE;GRES
0;1474741992;WebsocketSocketHandler got message: WSMESSAGE;GRES
2;1474741992;(WebsocketSocketHandler) Got unknown message: WSMESSAGE;GRES
2;1474741992;(WebsocketSocketHandler) Command: GRES
0;1474741992;Got socket message: 
0;1474741992;WSMESSAGE;GET_RULES
0;1474741992;WebsocketSocketHandler got message: WSMESSAGE;GET_RULES
0;1474741992;Got socket message: 
0;1474741992;WSMESSAGE;GET_RULES
0;1474741992;WebsocketSocketHandler got message: WSMESSAGE;GET_RULES
0;1474742822;(NodeCommunication)Got message with length 0
1;1474742913;Setup started.
1;1474742913;Opening database file: ../Python/files/data.db
1;1474742913;Database connection opened.
1;1474742913;Main loop started
1;1474742913;(NodeCommunication)NodeCommunication thread started
1;1474742913;(SocketCommunication)SocketCommunication thread started
0;1474742913;Got socket message: 
0;1474742913;PING
0;1474742913;Pong!
0;1474742913;Got socket message: 
0;1474742913;WSMESSAGE;GET_NODES
0;1474742913;WebsocketSocketHandler got message: WSMESSAGE;GET_NODES
0;1474742923;Got socket message: 
0;1474742923;WSMESSAGE;GRCS
0;1474742923;WebsocketSocketHandler got message: WSMESSAGE;GRCS
2;1474742923;(WebsocketSocketHandler) Got unknown message: WSMESSAGE;GRCS
2;1474742923;(WebsocketSocketHandler) Command: GRCS
0;1474742923;Got socket message: 
0;1474742923;WSMESSAGE;GRCS
0;1474742923;WebsocketSocketHandler got message: WSMESSAGE;GRCS
2;1474742923;(WebsocketSocketHandler) Got unknown message: WSMESSAGE;GRCS
2;1474742923;(WebsocketSocketHandler) Command: GRCS
0;1474742923;Got socket message: 
0;1474742923;WSMESSAGE;GRES
0;1474742923;WebsocketSocketHandler got message: WSMESSAGE;GRES
2;1474742923;(WebsocketSocketHandler) Got unknown message: WSMESSAGE;GRES
2;1474742923;(WebsocketSocketHandler) Command: GRES
0;1474742923;Got socket message: 
0;1474742923;WSMESSAGE;GRES
0;1474742923;WebsocketSocketHandler got message: WSMESSAGE;GRES
2;1474742923;(WebsocketSocketHandler) Got unknown message: WSMESSAGE;GRES
2;1474742923;(WebsocketSocketHandler) Command: GRES
0;1474742923;Got socket message: 
0;1474742923;WSMESSAGE;GET_RULES
0;1474742923;WebsocketSocketHandler got message: WSMESSAGE;GET_RULES
0;1474742923;Got socket message: 
0;1474742923;WSMESSAGE;GET_RULES
0;1474742923;WebsocketSocketHandler got message: WSMESSAGE;GET_RULES
0;1474742935;Got socket message: 
0;1474742935;SHUTDOWN
1;1474742935;Got shutdown message
1;1474742935;(NodeCommunication)NodeCommunication thread shutting down
1;1474743021;Setup started.
1;1474743021;Opening database file: ../Python/files/data.db
1;1474743021;Database connection opened.
1;1474743021;Main loop started
1;1474743021;(NodeCommunication)NodeCommunication thread started
1;1474743021;(SocketCommunication)SocketCommunication thread started
0;1474743021;Got socket message: 
0;1474743021;PING
0;1474743021;Pong!
0;1474743021;Got socket message: 
0;1474743021;WSMESSAGE;GET_NODES
0;1474743021;WebsocketSocketHandler got message: WSMESSAGE;GET_NODES
0;1474743026;Got socket message: 
0;1474743026;WSMESSAGE;GRCS
0;1474743026;WebsocketSocketHandler got message: WSMESSAGE;GRCS
2;1474743026;(WebsocketSocketHandler) Got unknown message: WSMESSAGE;GRCS
2;1474743026;(WebsocketSocketHandler) Command: GRCS
0;1474743026;Got socket message: 
0;1474743026;WSMESSAGE;GRCS
0;1474743026;WebsocketSocketHandler got message: WSMESSAGE;GRCS
2;1474743026;(WebsocketSocketHandler) Got unknown message: WSMESSAGE;GRCS
2;1474743026;(WebsocketSocketHandler) Command: GRCS
0;1474743026;Got socket message: 
0;1474743026;WSMESSAGE;GRES
0;1474743026;WebsocketSocketHandler got message: WSMESSAGE;GRES
2;1474743026;(WebsocketSocketHandler) Got unknown message: WSMESSAGE;GRES
2;1474743026;(WebsocketSocketHandler) Command: GRES
0;1474743026;Got socket message: 
0;1474743026;WSMESSAGE;GRES
0;1474743026;WebsocketSocketHandler got message: WSMESSAGE;GRES
2;1474743026;(WebsocketSocketHandler) Got unknown message: WSMESSAGE;GRES
2;1474743026;(WebsocketSocketHandler) Command: GRES
0;1474743026;Got socket message: 
0;1474743026;WSMESSAGE;GET_RULES
0;1474743026;WebsocketSocketHandler got message: WSMESSAGE;GET_RULES
0;1474743026;Got socket message: 
0;1474743026;WSMESSAGE;GET_RULES
0;1474743026;WebsocketSocketHandler got message: WSMESSAGE;GET_RULES
0;1474743040;Got socket message: 
0;1474743040;SHUTDOWN
1;1474743040;Got shutdown message
1;1474743040;(NodeCommunication)NodeCommunication thread shutting down
1;1474743091;Setup started.
1;1474743091;Opening database file: ../Python/files/data.db
1;1474743091;Database connection opened.
1;1474743091;Main loop started
1;1474743091;(NodeCommunication)NodeCommunication thread started
1;1474743091;(SocketCommunication)SocketCommunication thread started
0;1474743091;Got socket message: 
0;1474743091;PING
0;1474743091;Pong!
0;1474743091;Got socket message: 
0;1474743091;WSMESSAGE;GET_NODES
0;1474743091;WebsocketSocketHandler got message: WSMESSAGE;GET_NODES
0;1474743095;Got socket message: 
0;1474743095;WSMESSAGE;GRCS
0;1474743095;WebsocketSocketHandler got message: WSMESSAGE;GRCS
2;1474743095;(WebsocketSocketHandler) Got unknown message: WSMESSAGE;GRCS
2;1474743095;(WebsocketSocketHandler) Command: GRCS
0;1474743095;Got socket message: 
0;1474743095;WSMESSAGE;GRCS
0;1474743095;WebsocketSocketHandler got message: WSMESSAGE;GRCS
2;1474743095;(WebsocketSocketHandler) Got unknown message: WSMESSAGE;GRCS
2;1474743095;(WebsocketSocketHandler) Command: GRCS
0;1474743095;Got socket message: 
0;1474743095;WSMESSAGE;GRES
0;1474743095;WebsocketSocketHandler got message: WSMESSAGE;GRES
2;1474743095;(WebsocketSocketHandler) Got unknown message: WSMESSAGE;GRES
2;1474743095;(WebsocketSocketHandler) Command: GRES
0;1474743095;Got socket message: 
0;1474743095;WSMESSAGE;GRES
0;1474743095;WebsocketSocketHandler got message: WSMESSAGE;GRES
2;1474743095;(WebsocketSocketHandler) Got unknown message: WSMESSAGE;GRES
2;1474743095;(WebsocketSocketHandler) Command: GRES
0;1474743095;Got socket message: 
0;1474743095;WSMESSAGE;GET_RULES
0;1474743095;WebsocketSocketHandler got message: WSMESSAGE;GET_RULES
0;1474743095;Got socket message: 
0;1474743095;WSMESSAGE;GET_RULES
0;1474743095;WebsocketSocketHandler got message: WSMESSAGE;GET_RULES
1;1474743267;Setup started.
1;1474743267;Opening database file: ../Python/files/data.db
1;1474743267;Database connection opened.
1;1474743267;Main loop started
1;1474743268;(NodeCommunication)NodeCommunication thread started
1;1474743268;(SocketCommunication)SocketCommunication thread started
0;1474743268;Got socket message: 
0;1474743268;PING
0;1474743268;Pong!
0;1474743268;Got socket message: 
0;1474743268;WSMESSAGE;GET_NODES
0;1474743268;WebsocketSocketHandler got message: WSMESSAGE;GET_NODES
0;1474743274;Got socket message: 
0;1474743274;WSMESSAGE;GRCS
0;1474743274;WebsocketSocketHandler got message: WSMESSAGE;GRCS
2;1474743274;(WebsocketSocketHandler) Got unknown message: WSMESSAGE;GRCS
2;1474743274;(WebsocketSocketHandler) Command: GRCS
0;1474743274;Got socket message: 
0;1474743274;WSMESSAGE;GRES
0;1474743274;WebsocketSocketHandler got message: WSMESSAGE;GRES
2;1474743274;(WebsocketSocketHandler) Got unknown message: WSMESSAGE;GRES
2;1474743274;(WebsocketSocketHandler) Command: GRES
0;1474743274;Got socket message: 
0;1474743274;WSMESSAGE;GET_RULES
0;1474743274;WebsocketSocketHandler got message: WSMESSAGE;GET_RULES
1;1474743352;Setup started.
1;1474743352;Opening database file: ../Python/files/data.db
1;1474743352;Database connection opened.
1;1474743352;Main loop started
1;1474743352;(NodeCommunication)NodeCommunication thread started
1;1474743352;(SocketCommunication)SocketCommunication thread started
0;1474743353;Got socket message: 
0;1474743353;PING
0;1474743353;Pong!
0;1474743353;Got socket message: 
0;1474743353;WSMESSAGE;GET_NODES
0;1474743353;WebsocketSocketHandler got message: WSMESSAGE;GET_NODES
0;1474743510;Got socket message: 
0;1474743510;WSMESSAGE;GRCS
0;1474743510;WebsocketSocketHandler got message: WSMESSAGE;GRCS
2;1474743510;(WebsocketSocketHandler) Got unknown message: WSMESSAGE;GRCS
2;1474743510;(WebsocketSocketHandler) Command: GRCS
0;1474743511;Got socket message: 
0;1474743511;WSMESSAGE;GRES
0;1474743511;WebsocketSocketHandler got message: WSMESSAGE;GRES
2;1474743511;(WebsocketSocketHandler) Got unknown message: WSMESSAGE;GRES
2;1474743511;(WebsocketSocketHandler) Command: GRES
0;1474743511;Got socket message: 
0;1474743511;WSMESSAGE;GET_RULES
0;1474743511;WebsocketSocketHandler got message: WSMESSAGE;GET_RULES
0;1474743537;Got socket message: 
0;1474743537;WSMESSAGE;GET_NODES
0;1474743537;WebsocketSocketHandler got message: WSMESSAGE;GET_NODES
0;1474743537;Got socket message: 
0;1474743537;WSMESSAGE;GET_ACTIONS
0;1474743537;WebsocketSocketHandler got message: WSMESSAGE;GET_ACTIONS
1;1474744056;Setup started.
1;1474744056;Opening database file: ../Python/files/data.db
1;1474744056;Database connection opened.
1;1474744056;Main loop started
1;1474744056;(NodeCommunication)NodeCommunication thread started
1;1474744056;(SocketCommunication)SocketCommunication thread started
0;1474744056;Got socket message: 
0;1474744056;PING
0;1474744056;Pong!
0;1474744056;Got socket message: 
0;1474744056;WSMESSAGE;GET_NODES
0;1474744056;WebsocketSocketHandler got message: WSMESSAGE;GET_NODES
0;1474744061;Got socket message: 
0;1474744061;WSMESSAGE;GET_NODES
0;1474744061;WebsocketSocketHandler got message: WSMESSAGE;GET_NODES
0;1474744061;Got socket message: 
0;1474744061;WSMESSAGE;GET_ACTIONS
0;1474744061;WebsocketSocketHandler got message: WSMESSAGE;GET_ACTIONS
0;1474744064;Got socket message: 
0;1474744064;WSMESSAGE;DELETE_ACTION;3
0;1474744064;WebsocketSocketHandler got message: WSMESSAGE;DELETE_ACTION;3
0;1474744070;Got socket message: 
0;1474744070;WSMESSAGE;GET_NODES
0;1474744070;WebsocketSocketHandler got message: WSMESSAGE;GET_NODES
0;1474744070;Got socket message: 
0;1474744070;WSMESSAGE;GET_ACTIONS
0;1474744070;WebsocketSocketHandler got message: WSMESSAGE;GET_ACTIONS
0;1474744072;Got socket message: 
0;1474744072;WSMESSAGE;DELETE_ACTION;1
0;1474744072;WebsocketSocketHandler got message: WSMESSAGE;DELETE_ACTION;1
0;1474744075;Got socket message: 
0;1474744075;WSMESSAGE;GET_NODES
0;1474744075;WebsocketSocketHandler got message: WSMESSAGE;GET_NODES
0;1474744075;Got socket message: 
0;1474744075;WSMESSAGE;GET_ACTIONS
0;1474744075;WebsocketSocketHandler got message: WSMESSAGE;GET_ACTIONS
0;1474744076;Got socket message: 
0;1474744076;WSMESSAGE;DELETE_ACTION;2
0;1474744076;WebsocketSocketHandler got message: WSMESSAGE;DELETE_ACTION;2
0;1474744078;Got socket message: 
0;1474744078;WSMESSAGE;GET_NODES
0;1474744078;WebsocketSocketHandler got message: WSMESSAGE;GET_NODES
0;1474744078;Got socket message: 
0;1474744078;WSMESSAGE;GET_ACTIONS
0;1474744078;WebsocketSocketHandler got message: WSMESSAGE;GET_ACTIONS
0;1474744082;Got socket message: 
0;1474744082;WSMESSAGE;DELETE_ACTION;4
0;1474744082;WebsocketSocketHandler got message: WSMESSAGE;DELETE_ACTION;4
0;1474744086;Got socket message: 
0;1474744086;WSMESSAGE;GET_NODES
0;1474744086;WebsocketSocketHandler got message: WSMESSAGE;GET_NODES
0;1474744086;Got socket message: 
0;1474744086;WSMESSAGE;GET_ACTIONS
0;1474744086;WebsocketSocketHandler got message: WSMESSAGE;GET_ACTIONS
0;1474744088;Got socket message: 
0;1474744088;WSMESSAGE;DELETE_ACTION;5
0;1474744088;WebsocketSocketHandler got message: WSMESSAGE;DELETE_ACTION;5
0;1474744095;Got socket message: 
0;1474744095;WSMESSAGE;GET_NODES
0;1474744095;WebsocketSocketHandler got message: WSMESSAGE;GET_NODES
0;1474744095;Got socket message: 
0;1474744095;WSMESSAGE;GET_ACTIONS
0;1474744095;WebsocketSocketHandler got message: WSMESSAGE;GET_ACTIONS
0;1474744097;Got socket message: 
0;1474744097;WSMESSAGE;DELETE_ACTION;6
0;1474744097;WebsocketSocketHandler got message: WSMESSAGE;DELETE_ACTION;6
0;1474744104;Got socket message: 
0;1474744104;WSMESSAGE;GRCS
0;1474744104;WebsocketSocketHandler got message: WSMESSAGE;GRCS
2;1474744104;(WebsocketSocketHandler) Got unknown message: WSMESSAGE;GRCS
2;1474744104;(WebsocketSocketHandler) Command: GRCS
0;1474744104;Got socket message: 
0;1474744104;WSMESSAGE;GRES
0;1474744104;WebsocketSocketHandler got message: WSMESSAGE;GRES
2;1474744104;(WebsocketSocketHandler) Got unknown message: WSMESSAGE;GRES
2;1474744104;(WebsocketSocketHandler) Command: GRES
0;1474744104;Got socket message: 
0;1474744104;WSMESSAGE;GET_RULES
0;1474744104;WebsocketSocketHandler got message: WSMESSAGE;GET_RULES
2;1474744104;Did not find Action with id 5
2;1474744104;Did not find Action with id 6
0;1474744345;Got socket message: 
0;1474744345;WSMESSAGE;GRCS
0;1474744345;WebsocketSocketHandler got message: WSMESSAGE;GRCS
2;1474744345;(WebsocketSocketHandler) Got unknown message: WSMESSAGE;GRCS
2;1474744345;(WebsocketSocketHandler) Command: GRCS
0;1474744345;Got socket message: 
0;1474744345;WSMESSAGE;GRES
0;1474744345;WebsocketSocketHandler got message: WSMESSAGE;GRES
2;1474744345;(WebsocketSocketHandler) Got unknown message: WSMESSAGE;GRES
2;1474744345;(WebsocketSocketHandler) Command: GRES
0;1474744345;Got socket message: 
0;1474744345;WSMESSAGE;GET_RULES
0;1474744345;WebsocketSocketHandler got message: WSMESSAGE;GET_RULES
2;1474744345;Did not find Action with id 5
2;1474744345;Did not find Action with id 6
0;1474744351;Got socket message: 
0;1474744351;WSMESSAGE;GET_NODES
0;1474744351;WebsocketSocketHandler got message: WSMESSAGE;GET_NODES
0;1474744351;Got socket message: 
0;1474744351;WSMESSAGE;GET_ACTIONS
0;1474744351;WebsocketSocketHandler got message: WSMESSAGE;GET_ACTIONS
0;1474744371;Got socket message: 
0;1474744371;WSMESSAGE;ADD_RULE;{"name":"Test2","icon":"pic/actions/lightbulb_on.png","color":16777215,"condition":{"type":0,"v1":1},"effect":{"name":"effect_Test2","icon":"effect_pic/actions/lightbulb_on.png","color":16777215,"subActions":[{"type":2,"node":0,"actor":0,"value":"Test","timeout":0,"transition":false}],"visible":false}}
0;1474744371;WebsocketSocketHandler got message: WSMESSAGE;ADD_RULE;{"name":"Test2","icon":"pic/actions/lightbulb_on.png","color":16777215,"condition":{"type":0,"v1":1},"effect":{"name":"effect_Test2","icon":"effect_pic/actions/lightbulb_on.png","color":16777215,"subActions":[{"type":2,"node":0,"actor":0,"value":"Test","timeout":0,"transition":false}],"visible":false}}
0;1474744372;Got socket message: 
0;1474744372;WSMESSAGE;GRCS
0;1474744372;WebsocketSocketHandler got message: WSMESSAGE;GRCS
2;1474744372;(WebsocketSocketHandler) Got unknown message: WSMESSAGE;GRCS
2;1474744372;(WebsocketSocketHandler) Command: GRCS
0;1474744372;Got socket message: 
0;1474744372;WSMESSAGE;GRES
0;1474744372;WebsocketSocketHandler got message: WSMESSAGE;GRES
2;1474744372;(WebsocketSocketHandler) Got unknown message: WSMESSAGE;GRES
2;1474744372;(WebsocketSocketHandler) Command: GRES
0;1474744372;Got socket message: 
0;1474744372;WSMESSAGE;GET_RULES
0;1474744372;WebsocketSocketHandler got message: WSMESSAGE;GET_RULES
2;1474744372;Did not find Action with id 5
2;1474744372;Did not find Action with id 6
0;1474744442;Got socket message: 
0;1474744442;WSMESSAGE;GET_NODES
0;1474744442;WebsocketSocketHandler got message: WSMESSAGE;GET_NODES
0;1474744442;Got socket message: 
0;1474744442;WSMESSAGE;GET_ACTIONS
0;1474744442;WebsocketSocketHandler got message: WSMESSAGE;GET_ACTIONS
0;1474744496;Got socket message: 
0;1474744496;WSMESSAGE;GET_NODES
0;1474744496;WebsocketSocketHandler got message: WSMESSAGE;GET_NODES
0;1474744496;Got socket message: 
0;1474744496;WSMESSAGE;GET_ACTIONS
0;1474744496;WebsocketSocketHandler got message: WSMESSAGE;GET_ACTIONS
0;1474744517;Got socket message: 
0;1474744517;WSMESSAGE;GET_NODES
0;1474744517;WebsocketSocketHandler got message: WSMESSAGE;GET_NODES
0;1474744517;Got socket message: 
0;1474744517;WSMESSAGE;GET_ACTIONS
0;1474744517;WebsocketSocketHandler got message: WSMESSAGE;GET_ACTIONS
0;1474744554;Got socket message: 
0;1474744554;WSMESSAGE;GET_NODES
0;1474744554;WebsocketSocketHandler got message: WSMESSAGE;GET_NODES
0;1474744554;Got socket message: 
0;1474744554;WSMESSAGE;GET_ACTIONS
0;1474744554;WebsocketSocketHandler got message: WSMESSAGE;GET_ACTIONS
0;1474744717;Got socket message: 
0;1474744717;SHUTDOWN
1;1474744717;Got shutdown message
1;1474744717;(NodeCommunication)NodeCommunication thread shutting down
1;1474745016;Setup started.
1;1474745016;Opening database file: ../Python/files/data.db
1;1474745016;Database connection opened.
1;1474745016;Main loop started
1;1474745016;(NodeCommunication)NodeCommunication thread started
1;1474745016;(SocketCommunication)SocketCommunication thread started
0;1474745016;Got socket message: 
0;1474745016;PING
0;1474745016;Pong!
0;1474745016;Got socket message: 
0;1474745016;WSMESSAGE;GET_NODES
0;1474745016;WebsocketSocketHandler got message: WSMESSAGE;GET_NODES
0;1474745030;Got socket message: 
0;1474745030;WSMESSAGE;GRCS
0;1474745030;WebsocketSocketHandler got message: WSMESSAGE;GRCS
2;1474745030;(WebsocketSocketHandler) Got unknown message: WSMESSAGE;GRCS
2;1474745030;(WebsocketSocketHandler) Command: GRCS
0;1474745030;Got socket message: 
0;1474745030;WSMESSAGE;GRES
0;1474745030;WebsocketSocketHandler got message: WSMESSAGE;GRES
2;1474745030;(WebsocketSocketHandler) Got unknown message: WSMESSAGE;GRES
2;1474745030;(WebsocketSocketHandler) Command: GRES
0;1474745030;Got socket message: 
0;1474745030;WSMESSAGE;GET_RULES
0;1474745030;WebsocketSocketHandler got message: WSMESSAGE;GET_RULES
2;1474745030;Did not find Action with id 5
2;1474745030;Did not find Action with id 6
0;1474745044;Got socket message: 
0;1474745044;SHUTDOWN
1;1474745044;Got shutdown message
1;1474745044;(NodeCommunication)NodeCommunication thread shutting down
1;1474745159;Setup started.
1;1474745159;Opening database file: ../Python/files/data.db
1;1474745159;Database connection opened.
1;1474745159;Main loop started
1;1474745159;(NodeCommunication)NodeCommunication thread started
1;1474745160;(SocketCommunication)SocketCommunication thread started
0;1474745160;Got socket message: 
0;1474745160;PING
0;1474745160;Pong!
0;1474745160;Got socket message: 
0;1474745160;WSMESSAGE;GET_NODES
0;1474745160;WebsocketSocketHandler got message: WSMESSAGE;GET_NODES
0;1474745164;Got socket message: 
0;1474745164;WSMESSAGE;GRCS
0;1474745164;WebsocketSocketHandler got message: WSMESSAGE;GRCS
2;1474745164;(WebsocketSocketHandler) Got unknown message: WSMESSAGE;GRCS
2;1474745164;(WebsocketSocketHandler) Command: GRCS
0;1474745164;Got socket message: 
0;1474745164;WSMESSAGE;GRES
0;1474745164;WebsocketSocketHandler got message: WSMESSAGE;GRES
2;1474745164;(WebsocketSocketHandler) Got unknown message: WSMESSAGE;GRES
2;1474745164;(WebsocketSocketHandler) Command: GRES
0;1474745164;Got socket message: 
0;1474745164;WSMESSAGE;GET_RULES
0;1474745164;WebsocketSocketHandler got message: WSMESSAGE;GET_RULES
0;1474745219;Got socket message: 
0;1474745219;SHUTDOWN
1;1474745219;Got shutdown message
1;1474745219;(NodeCommunication)NodeCommunication thread shutting down
1;1474745544;Setup started.
1;1474745544;Opening database file: ../Python/files/data.db
1;1474745544;Database connection opened.
1;1474745544;Main loop started
1;1474745544;(NodeCommunication)NodeCommunication thread started
1;1474745544;(SocketCommunication)SocketCommunication thread started
0;1474745544;Got socket message: 
0;1474745544;PING
0;1474745544;Pong!
0;1474745544;Got socket message: 
0;1474745544;WSMESSAGE;GET_NODES
0;1474745544;WebsocketSocketHandler got message: WSMESSAGE;GET_NODES
0;1474745587;Got socket message: 
0;1474745587;SHUTDOWN
1;1474745587;Got shutdown message
1;1474745587;(NodeCommunication)NodeCommunication thread shutting down
1;1474745619;Setup started.
1;1474745619;Opening database file: ../Python/files/data.db
1;1474745619;Database connection opened.
1;1474745619;Main loop started
1;1474745619;(NodeCommunication)NodeCommunication thread started
1;1474745619;(SocketCommunication)SocketCommunication thread started
0;1474745619;Got socket message: 
0;1474745619;PING
0;1474745619;Pong!
0;1474745619;Got socket message: 
0;1474745619;WSMESSAGE;GET_NODES
0;1474745619;WebsocketSocketHandler got message: WSMESSAGE;GET_NODES
0;1474745878;Got socket message: 
0;1474745878;WSMESSAGE;GRCS
0;1474745878;WebsocketSocketHandler got message: WSMESSAGE;GRCS
2;1474745878;(WebsocketSocketHandler) Got unknown message: WSMESSAGE;GRCS
2;1474745878;(WebsocketSocketHandler) Command: GRCS
0;1474745878;Got socket message: 
0;1474745878;WSMESSAGE;GRES
0;1474745878;WebsocketSocketHandler got message: WSMESSAGE;GRES
2;1474745878;(WebsocketSocketHandler) Got unknown message: WSMESSAGE;GRES
2;1474745878;(WebsocketSocketHandler) Command: GRES
0;1474745878;Got socket message: 
0;1474745878;WSMESSAGE;GET_RULES
0;1474745878;WebsocketSocketHandler got message: WSMESSAGE;GET_RULES
0;1474745908;Got socket message: 
0;1474745908;WSMESSAGE;GRCS
0;1474745908;WebsocketSocketHandler got message: WSMESSAGE;GRCS
2;1474745908;(WebsocketSocketHandler) Got unknown message: WSMESSAGE;GRCS
2;1474745908;(WebsocketSocketHandler) Command: GRCS
0;1474745908;Got socket message: 
0;1474745908;WSMESSAGE;GRES
0;1474745908;WebsocketSocketHandler got message: WSMESSAGE;GRES
2;1474745908;(WebsocketSocketHandler) Got unknown message: WSMESSAGE;GRES
2;1474745908;(WebsocketSocketHandler) Command: GRES
0;1474745908;Got socket message: 
0;1474745908;WSMESSAGE;GET_RULES
0;1474745908;WebsocketSocketHandler got message: WSMESSAGE;GET_RULES
0;1474745914;Got socket message: 
0;1474745914;WSMESSAGE;GET_NODES
0;1474745914;WebsocketSocketHandler got message: WSMESSAGE;GET_NODES
0;1474745914;Got socket message: 
0;1474745914;WSMESSAGE;GET_ACTIONS
0;1474745914;WebsocketSocketHandler got message: WSMESSAGE;GET_ACTIONS
0;1474745929;Got socket message: 
0;1474745929;WSMESSAGE;GRCS
0;1474745929;WebsocketSocketHandler got message: WSMESSAGE;GRCS
2;1474745929;(WebsocketSocketHandler) Got unknown message: WSMESSAGE;GRCS
2;1474745929;(WebsocketSocketHandler) Command: GRCS
0;1474745929;Got socket message: 
0;1474745929;WSMESSAGE;GRES
0;1474745929;WebsocketSocketHandler got message: WSMESSAGE;GRES
2;1474745929;(WebsocketSocketHandler) Got unknown message: WSMESSAGE;GRES
2;1474745929;(WebsocketSocketHandler) Command: GRES
0;1474745929;Got socket message: 
0;1474745929;WSMESSAGE;GET_RULES
0;1474745929;WebsocketSocketHandler got message: WSMESSAGE;GET_RULES
0;1474745934;Got socket message: 
0;1474745934;WSMESSAGE;GET_NODES
0;1474745934;WebsocketSocketHandler got message: WSMESSAGE;GET_NODES
0;1474745934;Got socket message: 
0;1474745934;WSMESSAGE;GET_ACTIONS
0;1474745934;WebsocketSocketHandler got message: WSMESSAGE;GET_ACTIONS
0;1474745967;Got socket message: 
0;1474745967;WSMESSAGE;GET_NODES
0;1474745967;WebsocketSocketHandler got message: WSMESSAGE;GET_NODES
0;1474745967;Got socket message: 
0;1474745967;WSMESSAGE;GET_ACTIONS
0;1474745967;WebsocketSocketHandler got message: WSMESSAGE;GET_ACTIONS
0;1474745982;Got socket message: 
0;1474745982;WSMESSAGE;GET_NODES
0;1474745982;WebsocketSocketHandler got message: WSMESSAGE;GET_NODES
0;1474745982;Got socket message: 
0;1474745982;WSMESSAGE;GET_ACTIONS
0;1474745982;WebsocketSocketHandler got message: WSMESSAGE;GET_ACTIONS
0;1474745990;Got socket message: 
0;1474745990;WSMESSAGE;GET_NODES
0;1474745990;WebsocketSocketHandler got message: WSMESSAGE;GET_NODES
0;1474745990;Got socket message: 
0;1474745990;WSMESSAGE;GET_ACTIONS
0;1474745990;WebsocketSocketHandler got message: WSMESSAGE;GET_ACTIONS
0;1474745995;Got socket message: 
0;1474745995;WSMESSAGE;GRCS
0;1474745995;WebsocketSocketHandler got message: WSMESSAGE;GRCS
2;1474745995;(WebsocketSocketHandler) Got unknown message: WSMESSAGE;GRCS
2;1474745995;(WebsocketSocketHandler) Command: GRCS
0;1474745995;Got socket message: 
0;1474745995;WSMESSAGE;GRES
0;1474745995;WebsocketSocketHandler got message: WSMESSAGE;GRES
2;1474745995;(WebsocketSocketHandler) Got unknown message: WSMESSAGE;GRES
2;1474745995;(WebsocketSocketHandler) Command: GRES
0;1474745995;Got socket message: 
0;1474745995;WSMESSAGE;GET_RULES
0;1474745995;WebsocketSocketHandler got message: WSMESSAGE;GET_RULES
0;1474745998;Got socket message: 
0;1474745998;WSMESSAGE;GET_NODES
0;1474745998;WebsocketSocketHandler got message: WSMESSAGE;GET_NODES
0;1474745998;Got socket message: 
0;1474745998;WSMESSAGE;GET_ACTIONS
0;1474745998;WebsocketSocketHandler got message: WSMESSAGE;GET_ACTIONS
0;1474746033;Got socket message: 
0;1474746033;WSMESSAGE;GET_NODES
0;1474746033;WebsocketSocketHandler got message: WSMESSAGE;GET_NODES
0;1474746033;Got socket message: 
0;1474746033;WSMESSAGE;GET_ACTIONS
0;1474746033;WebsocketSocketHandler got message: WSMESSAGE;GET_ACTIONS
0;1474746065;Got socket message: 
0;1474746065;WSMESSAGE;ADD_RULE;{"name":"Test 2","icon":"pic/delete.png","color":0,"condition":{"type":1,"v1":{"type":0,"v1":1},"v2":{"type":0,"v1":1}},"effect":{"name":"effect_Test 2","icon":"pic/delete.png","color":0,"subActions":[{"type":2,"node":0,"actor":0,"value":"Test 2","timeout":0,"transition":false}],"visible":false}}
0;1474746065;WebsocketSocketHandler got message: WSMESSAGE;ADD_RULE;{"name":"Test 2","icon":"pic/delete.png","color":0,"condition":{"type":1,"v1":{"type":0,"v1":1},"v2":{"type":0,"v1":1}},"effect":{"name":"effect_Test 2","icon":"pic/delete.png","color":0,"subActions":[{"type":2,"node":0,"actor":0,"value":"Test 2","timeout":0,"transition":false}],"visible":false}}
3;1474746065;SQLite step failed in DBStatement ExecuteAll(): UNIQUE constraint failed: rule_conditions.condition_id
3;1474746065;Exception in DBHandler::AddRule(): SQLite step failed in DBStatement ExecuteAll(): UNIQUE constraint failed: rule_conditions.condition_id
0;1474746066;Got socket message: 
0;1474746066;WSMESSAGE;GRCS
0;1474746066;WebsocketSocketHandler got message: WSMESSAGE;GRCS
2;1474746066;(WebsocketSocketHandler) Got unknown message: WSMESSAGE;GRCS
2;1474746066;(WebsocketSocketHandler) Command: GRCS
0;1474746066;Got socket message: 
0;1474746066;WSMESSAGE;GRES
0;1474746066;WebsocketSocketHandler got message: WSMESSAGE;GRES
2;1474746066;(WebsocketSocketHandler) Got unknown message: WSMESSAGE;GRES
2;1474746066;(WebsocketSocketHandler) Command: GRES
0;1474746066;Got socket message: 
0;1474746066;WSMESSAGE;GET_RULES
0;1474746066;WebsocketSocketHandler got message: WSMESSAGE;GET_RULES
0;1474746073;Got socket message: 
0;1474746073;WSMESSAGE;GRCS
0;1474746073;WebsocketSocketHandler got message: WSMESSAGE;GRCS
2;1474746073;(WebsocketSocketHandler) Got unknown message: WSMESSAGE;GRCS
2;1474746073;(WebsocketSocketHandler) Command: GRCS
0;1474746073;Got socket message: 
0;1474746073;WSMESSAGE;GRES
0;1474746073;WebsocketSocketHandler got message: WSMESSAGE;GRES
2;1474746073;(WebsocketSocketHandler) Got unknown message: WSMESSAGE;GRES
2;1474746073;(WebsocketSocketHandler) Command: GRES
0;1474746073;Got socket message: 
0;1474746073;WSMESSAGE;GET_RULES
0;1474746073;WebsocketSocketHandler got message: WSMESSAGE;GET_RULES
0;1474746174;Got socket message: 
0;1474746174;SHUTDOWN
1;1474746174;Got shutdown message
1;1474746174;(NodeCommunication)NodeCommunication thread shutting down
