1;1474659676;Setup started.
1;1474659676;Opening database file: ../Python/files/data.db
1;1474659676;Database connection opened.
1;1474659677;Main loop started
1;1474659677;(NodeCommunication)NodeCommunication thread started
1;1474659677;(SocketCommunication)SocketCommunication thread started
0;1474659677;Got socket message: 
0;1474659677;PING
0;1474659677;Pong!
0;1474659677;Got socket message: 
0;1474659677;WSMESSAGE;GET_NODES
0;1474659677;WebsocketSocketHandler got message: WSMESSAGE;GET_NODES
0;1474659681;Got socket message: 
0;1474659681;WSMESSAGE;GET_NODES
0;1474659681;WebsocketSocketHandler got message: WSMESSAGE;GET_NODES
0;1474659681;Got socket message: 
0;1474659681;WSMESSAGE;GET_NODES
0;1474659681;WebsocketSocketHandler got message: WSMESSAGE;GET_NODES
0;1474659681;Got socket message: 
0;1474659681;WSMESSAGE;GET_ACTIONS
0;1474659681;WebsocketSocketHandler got message: WSMESSAGE;GET_ACTIONS
0;1474659681;Got socket message: 
0;1474659681;WSMESSAGE;GET_ACTIONS
0;1474659681;WebsocketSocketHandler got message: WSMESSAGE;GET_ACTIONS
0;1474659698;Got socket message: 
0;1474659698;WSMESSAGE;ADD_RULE;{"name":"Test Regel","icon":"pic/actions/lightbulb_off.png","color":16777215,"condition":{"type":0,"v1":1},"effect":{"name":"effect_Test Regel","icon":"effect_pic/actions/lightbulb_off.png","color":16777215,"subActions":[{"type":2,"node":0,"actor":0,"value":"Es geht","timeout":0,"transition":false}]}}
0;1474659698;WebsocketSocketHandler got message: WSMESSAGE;ADD_RULE;{"name":"Test Regel","icon":"pic/actions/lightbulb_off.png","color":16777215,"condition":{"type":0,"v1":1},"effect":{"name":"effect_Test Regel","icon":"effect_pic/actions/lightbulb_off.png","color":16777215,"subActions":[{"type":2,"node":0,"actor":0,"value":"Es geht","timeout":0,"transition":false}]}}
0;1474660310;Got socket message: 
0;1474660310;WSMESSAGE;ADD_RULE;{"name":"Test Regel","icon":"pic/actions/lightbulb_off.png","color":16777215,"condition":{"type":0,"v1":1},"effect":{"name":"effect_Test Regel","icon":"effect_pic/actions/lightbulb_off.png","color":16777215,"subActions":[{"type":2,"node":0,"actor":0,"value":"Es geht","timeout":0,"transition":false}]}}
0;1474660310;WebsocketSocketHandler got message: WSMESSAGE;ADD_RULE;{"name":"Test Regel","icon":"pic/actions/lightbulb_off.png","color":16777215,"condition":{"type":0,"v1":1},"effect":{"name":"effect_Test Regel","icon":"effect_pic/actions/lightbulb_off.png","color":16777215,"subActions":[{"type":2,"node":0,"actor":0,"value":"Es geht","timeout":0,"transition":false}]}}
0;1474660313;Got socket message: 
0;1474660313;WSMESSAGE;GRCS
0;1474660313;WebsocketSocketHandler got message: WSMESSAGE;GRCS
2;1474660313;(WebsocketSocketHandler) Got unknown message: WSMESSAGE;GRCS
2;1474660313;(WebsocketSocketHandler) Command: GRCS
0;1474660313;Got socket message: 
0;1474660313;WSMESSAGE;GRCS
0;1474660313;WebsocketSocketHandler got message: WSMESSAGE;GRCS
2;1474660313;(WebsocketSocketHandler) Got unknown message: WSMESSAGE;GRCS
2;1474660313;(WebsocketSocketHandler) Command: GRCS
0;1474660313;Got socket message: 
0;1474660313;WSMESSAGE;GRES
0;1474660313;WebsocketSocketHandler got message: WSMESSAGE;GRES
2;1474660313;(WebsocketSocketHandler) Got unknown message: WSMESSAGE;GRES
2;1474660313;(WebsocketSocketHandler) Command: GRES
0;1474660313;Got socket message: 
0;1474660313;WSMESSAGE;GRES
0;1474660313;WebsocketSocketHandler got message: WSMESSAGE;GRES
2;1474660313;(WebsocketSocketHandler) Got unknown message: WSMESSAGE;GRES
2;1474660313;(WebsocketSocketHandler) Command: GRES
0;1474660313;Got socket message: 
0;1474660313;WSMESSAGE;GET_RULES
0;1474660313;WebsocketSocketHandler got message: WSMESSAGE;GET_RULES
2;1474660313;Did not find Action with id 0
1;1474660864;Setup started.
1;1474660864;Opening database file: ../Python/files/data.db
1;1474660864;Database connection opened.
1;1474660864;Main loop started
1;1474660864;(NodeCommunication)NodeCommunication thread started
1;1474660864;(SocketCommunication)SocketCommunication thread started
0;1474660864;Got socket message: 
0;1474660864;PING
0;1474660864;Pong!
0;1474660864;Got socket message: 
0;1474660864;WSMESSAGE;GET_NODES
0;1474660864;WebsocketSocketHandler got message: WSMESSAGE;GET_NODES
0;1474660870;Got socket message: 
0;1474660870;WSMESSAGE;GRCS
0;1474660870;WebsocketSocketHandler got message: WSMESSAGE;GRCS
2;1474660870;(WebsocketSocketHandler) Got unknown message: WSMESSAGE;GRCS
2;1474660870;(WebsocketSocketHandler) Command: GRCS
0;1474660870;Got socket message: 
0;1474660870;WSMESSAGE;GRCS
0;1474660870;WebsocketSocketHandler got message: WSMESSAGE;GRCS
2;1474660870;(WebsocketSocketHandler) Got unknown message: WSMESSAGE;GRCS
2;1474660870;(WebsocketSocketHandler) Command: GRCS
0;1474660870;Got socket message: 
0;1474660870;WSMESSAGE;GRES
0;1474660870;WebsocketSocketHandler got message: WSMESSAGE;GRES
2;1474660870;(WebsocketSocketHandler) Got unknown message: WSMESSAGE;GRES
2;1474660870;(WebsocketSocketHandler) Command: GRES
0;1474660870;Got socket message: 
0;1474660870;WSMESSAGE;GRES
0;1474660870;WebsocketSocketHandler got message: WSMESSAGE;GRES
2;1474660870;(WebsocketSocketHandler) Got unknown message: WSMESSAGE;GRES
2;1474660870;(WebsocketSocketHandler) Command: GRES
0;1474660870;Got socket message: 
0;1474660870;WSMESSAGE;GET_RULES
0;1474660870;WebsocketSocketHandler got message: WSMESSAGE;GET_RULES
2;1474660870;Did not find Action with id 0
1;1474660979;Setup started.
1;1474660979;Opening database file: ../Python/files/data.db
1;1474660979;Database connection opened.
1;1474660979;Main loop started
1;1474660979;(NodeCommunication)NodeCommunication thread started
1;1474660979;(SocketCommunication)SocketCommunication thread started
0;1474660979;Got socket message: 
0;1474660979;PING
0;1474660979;Pong!
0;1474660979;Got socket message: 
0;1474660979;WSMESSAGE;GET_NODES
0;1474660979;WebsocketSocketHandler got message: WSMESSAGE;GET_NODES
0;1474660984;Got socket message: 
0;1474660984;WSMESSAGE;GRCS
0;1474660984;WebsocketSocketHandler got message: WSMESSAGE;GRCS
2;1474660984;(WebsocketSocketHandler) Got unknown message: WSMESSAGE;GRCS
2;1474660984;(WebsocketSocketHandler) Command: GRCS
0;1474660984;Got socket message: 
0;1474660984;WSMESSAGE;GRCS
0;1474660984;WebsocketSocketHandler got message: WSMESSAGE;GRCS
2;1474660984;(WebsocketSocketHandler) Got unknown message: WSMESSAGE;GRCS
2;1474660984;(WebsocketSocketHandler) Command: GRCS
0;1474660984;Got socket message: 
0;1474660984;WSMESSAGE;GRES
0;1474660984;WebsocketSocketHandler got message: WSMESSAGE;GRES
2;1474660984;(WebsocketSocketHandler) Got unknown message: WSMESSAGE;GRES
2;1474660984;(WebsocketSocketHandler) Command: GRES
0;1474660984;Got socket message: 
0;1474660984;WSMESSAGE;GRES
0;1474660984;WebsocketSocketHandler got message: WSMESSAGE;GRES
2;1474660984;(WebsocketSocketHandler) Got unknown message: WSMESSAGE;GRES
2;1474660984;(WebsocketSocketHandler) Command: GRES
0;1474660984;Got socket message: 
0;1474660984;WSMESSAGE;GET_RULES
0;1474660984;WebsocketSocketHandler got message: WSMESSAGE;GET_RULES
0;1474660984;Got socket message: 
0;1474660984;WSMESSAGE;GET_RULES
0;1474660984;WebsocketSocketHandler got message: WSMESSAGE;GET_RULES
0;1474660986;Got socket message: 
0;1474660986;WSMESSAGE;GET_NODES
0;1474660986;WebsocketSocketHandler got message: WSMESSAGE;GET_NODES
0;1474660986;Got socket message: 
0;1474660986;WSMESSAGE;GET_NODES
0;1474660986;WebsocketSocketHandler got message: WSMESSAGE;GET_NODES
0;1474660986;Got socket message: 
0;1474660986;WSMESSAGE;GET_ACTIONS
0;1474660986;WebsocketSocketHandler got message: WSMESSAGE;GET_ACTIONS
0;1474660986;Got socket message: 
0;1474660986;WSMESSAGE;GET_ACTIONS
0;1474660986;WebsocketSocketHandler got message: WSMESSAGE;GET_ACTIONS
0;1474661003;Got socket message: 
0;1474661003;WSMESSAGE;ADD_RULE;{"name":"Test","icon":"pic/actions/lightbulb_on.png","color":16777215,"condition":{"type":0,"v1":1},"effect":{"name":"effect_Test","icon":"effect_pic/actions/lightbulb_on.png","color":16777215,"subActions":[{"type":2,"node":0,"actor":0,"value":"Test","timeout":0,"transition":false}]}}
0;1474661003;WebsocketSocketHandler got message: WSMESSAGE;ADD_RULE;{"name":"Test","icon":"pic/actions/lightbulb_on.png","color":16777215,"condition":{"type":0,"v1":1},"effect":{"name":"effect_Test","icon":"effect_pic/actions/lightbulb_on.png","color":16777215,"subActions":[{"type":2,"node":0,"actor":0,"value":"Test","timeout":0,"transition":false}]}}
0;1474661003;Got socket message: 
0;1474661003;WSMESSAGE;ADD_RULE;{"name":"Test","icon":"pic/actions/lightbulb_on.png","color":16777215,"condition":{"type":0,"v1":1},"effect":{"name":"effect_Test","icon":"effect_pic/actions/lightbulb_on.png","color":16777215,"subActions":[{"type":2,"node":0,"actor":0,"value":"Test","timeout":0,"transition":false}]}}
0;1474661003;WebsocketSocketHandler got message: WSMESSAGE;ADD_RULE;{"name":"Test","icon":"pic/actions/lightbulb_on.png","color":16777215,"condition":{"type":0,"v1":1},"effect":{"name":"effect_Test","icon":"effect_pic/actions/lightbulb_on.png","color":16777215,"subActions":[{"type":2,"node":0,"actor":0,"value":"Test","timeout":0,"transition":false}]}}
0;1474661003;Got socket message: 
0;1474661003;WSMESSAGE;GRCS
0;1474661003;WebsocketSocketHandler got message: WSMESSAGE;GRCS
2;1474661003;(WebsocketSocketHandler) Got unknown message: WSMESSAGE;GRCS
2;1474661003;(WebsocketSocketHandler) Command: GRCS
0;1474661003;Got socket message: 
0;1474661003;WSMESSAGE;GRCS
0;1474661003;WebsocketSocketHandler got message: WSMESSAGE;GRCS
2;1474661003;(WebsocketSocketHandler) Got unknown message: WSMESSAGE;GRCS
2;1474661003;(WebsocketSocketHandler) Command: GRCS
0;1474661003;Got socket message: 
0;1474661003;WSMESSAGE;GRES
0;1474661003;WebsocketSocketHandler got message: WSMESSAGE;GRES
2;1474661003;(WebsocketSocketHandler) Got unknown message: WSMESSAGE;GRES
2;1474661003;(WebsocketSocketHandler) Command: GRES
0;1474661003;Got socket message: 
0;1474661003;WSMESSAGE;GRES
0;1474661003;WebsocketSocketHandler got message: WSMESSAGE;GRES
2;1474661003;(WebsocketSocketHandler) Got unknown message: WSMESSAGE;GRES
2;1474661003;(WebsocketSocketHandler) Command: GRES
0;1474661003;Got socket message: 
0;1474661003;WSMESSAGE;GET_RULES
0;1474661003;WebsocketSocketHandler got message: WSMESSAGE;GET_RULES
1;1474661173;Setup started.
1;1474661173;Opening database file: ../Python/files/data.db
1;1474661173;Database connection opened.
1;1474661173;Main loop started
1;1474661173;(NodeCommunication)NodeCommunication thread started
1;1474661174;(SocketCommunication)SocketCommunication thread started
0;1474661174;Got socket message: 
0;1474661174;PING
0;1474661174;Pong!
0;1474661174;Got socket message: 
0;1474661174;WSMESSAGE;GET_NODES
0;1474661174;WebsocketSocketHandler got message: WSMESSAGE;GET_NODES
0;1474661189;Got socket message: 
0;1474661189;WSMESSAGE;GRCS
0;1474661189;WebsocketSocketHandler got message: WSMESSAGE;GRCS
2;1474661189;(WebsocketSocketHandler) Got unknown message: WSMESSAGE;GRCS
2;1474661189;(WebsocketSocketHandler) Command: GRCS
0;1474661189;Got socket message: 
0;1474661189;WSMESSAGE;GRCS
0;1474661189;WebsocketSocketHandler got message: WSMESSAGE;GRCS
2;1474661189;(WebsocketSocketHandler) Got unknown message: WSMESSAGE;GRCS
2;1474661189;(WebsocketSocketHandler) Command: GRCS
0;1474661189;Got socket message: 
0;1474661189;WSMESSAGE;GRES
0;1474661189;WebsocketSocketHandler got message: WSMESSAGE;GRES
2;1474661189;(WebsocketSocketHandler) Got unknown message: WSMESSAGE;GRES
2;1474661189;(WebsocketSocketHandler) Command: GRES
0;1474661189;Got socket message: 
0;1474661189;WSMESSAGE;GRES
0;1474661189;WebsocketSocketHandler got message: WSMESSAGE;GRES
2;1474661189;(WebsocketSocketHandler) Got unknown message: WSMESSAGE;GRES
2;1474661189;(WebsocketSocketHandler) Command: GRES
0;1474661189;Got socket message: 
0;1474661189;WSMESSAGE;GET_RULES
0;1474661189;WebsocketSocketHandler got message: WSMESSAGE;GET_RULES
1;1474662081;Setup started.
1;1474662081;Opening database file: ../Python/files/data.db
1;1474662081;Database connection opened.
1;1474662081;Main loop started
1;1474662081;(NodeCommunication)NodeCommunication thread started
1;1474662081;(SocketCommunication)SocketCommunication thread started
0;1474662081;Got socket message: 
0;1474662081;PING
0;1474662081;Pong!
0;1474662081;Got socket message: 
0;1474662081;WSMESSAGE;GET_NODES
0;1474662081;WebsocketSocketHandler got message: WSMESSAGE;GET_NODES
0;1474662124;Got socket message: 
0;1474662124;WSMESSAGE;GRCS
0;1474662124;WebsocketSocketHandler got message: WSMESSAGE;GRCS
2;1474662124;(WebsocketSocketHandler) Got unknown message: WSMESSAGE;GRCS
2;1474662124;(WebsocketSocketHandler) Command: GRCS
0;1474662124;Got socket message: 
0;1474662124;WSMESSAGE;GRCS
0;1474662124;WebsocketSocketHandler got message: WSMESSAGE;GRCS
2;1474662124;(WebsocketSocketHandler) Got unknown message: WSMESSAGE;GRCS
2;1474662124;(WebsocketSocketHandler) Command: GRCS
0;1474662124;Got socket message: 
0;1474662124;WSMESSAGE;GRES
0;1474662124;WebsocketSocketHandler got message: WSMESSAGE;GRES
2;1474662124;(WebsocketSocketHandler) Got unknown message: WSMESSAGE;GRES
2;1474662124;(WebsocketSocketHandler) Command: GRES
0;1474662124;Got socket message: 
0;1474662124;WSMESSAGE;GRES
0;1474662124;WebsocketSocketHandler got message: WSMESSAGE;GRES
2;1474662124;(WebsocketSocketHandler) Got unknown message: WSMESSAGE;GRES
2;1474662124;(WebsocketSocketHandler) Command: GRES
0;1474662124;Got socket message: 
0;1474662124;WSMESSAGE;GET_RULES
0;1474662124;WebsocketSocketHandler got message: WSMESSAGE;GET_RULES
3;1474662124;SQLite prepare failed in DBStatement constructor: no such column: condition_compare
3;1474662124;Passed statement: SELECT condition_id, condition_type, condition_val1, condition_val2, condition_compare, condition_additional1, condition_additional2 FROM rule_conditions WHERE condition_id=?1;
3;1474662124;Exception in DBHandler::GetAllRules(): SQLite prepare failed in DBStatement constructor: no such column: condition_compare
0;1474662124;Got socket message: 
0;1474662124;WSMESSAGE;GET_RULES
0;1474662124;WebsocketSocketHandler got message: WSMESSAGE;GET_RULES
3;1474662124;SQLite prepare failed in DBStatement constructor: no such column: condition_compare
3;1474662124;Passed statement: SELECT condition_id, condition_type, condition_val1, condition_val2, condition_compare, condition_additional1, condition_additional2 FROM rule_conditions WHERE condition_id=?1;
3;1474662124;Exception in DBHandler::GetAllRules(): SQLite prepare failed in DBStatement constructor: no such column: condition_compare
0;1474663563;Got socket message: 
0;1474663563;SHUTDOWN
1;1474663563;Got shutdown message
1;1474663563;(NodeCommunication)NodeCommunication thread shutting down
1;1474663701;Setup started.
1;1474663701;Opening database file: ../Python/files/data.db
1;1474663701;Database connection opened.
1;1474663701;Main loop started
1;1474663701;(NodeCommunication)NodeCommunication thread started
1;1474663701;(SocketCommunication)SocketCommunication thread started
0;1474663701;Got socket message: 
0;1474663701;PING
0;1474663701;Pong!
0;1474663701;Got socket message: 
0;1474663701;WSMESSAGE;GET_NODES
0;1474663701;WebsocketSocketHandler got message: WSMESSAGE;GET_NODES
0;1474663717;Got socket message: 
0;1474663717;WSMESSAGE;GRCS
0;1474663717;WebsocketSocketHandler got message: WSMESSAGE;GRCS
2;1474663717;(WebsocketSocketHandler) Got unknown message: WSMESSAGE;GRCS
2;1474663717;(WebsocketSocketHandler) Command: GRCS
0;1474663717;Got socket message: 
0;1474663717;WSMESSAGE;GRCS
0;1474663717;WebsocketSocketHandler got message: WSMESSAGE;GRCS
2;1474663717;(WebsocketSocketHandler) Got unknown message: WSMESSAGE;GRCS
2;1474663717;(WebsocketSocketHandler) Command: GRCS
0;1474663717;Got socket message: 
0;1474663717;WSMESSAGE;GRES
0;1474663717;WebsocketSocketHandler got message: WSMESSAGE;GRES
2;1474663717;(WebsocketSocketHandler) Got unknown message: WSMESSAGE;GRES
2;1474663717;(WebsocketSocketHandler) Command: GRES
0;1474663718;Got socket message: 
0;1474663718;WSMESSAGE;GRES
0;1474663718;WebsocketSocketHandler got message: WSMESSAGE;GRES
2;1474663718;(WebsocketSocketHandler) Got unknown message: WSMESSAGE;GRES
2;1474663718;(WebsocketSocketHandler) Command: GRES
0;1474663718;Got socket message: 
0;1474663718;WSMESSAGE;GET_RULES
0;1474663718;WebsocketSocketHandler got message: WSMESSAGE;GET_RULES
